CHAMP;CODE;DESIGNATION;IDINTBEN;LIBELLE;REFINTENG;TYPE;VALEURACTUEL
idIntBen;SYN002;Ce champ peut prendre les valeurs du referentiel identifiant interne des personnes physiques ou morales deja declarés;55800145482;Donnée inexistante dans le référentiel;540631;Erreur;55800145482
idIntBen;SYN002;Ce champ peut prendre les valeurs du referentiel identifiant interne des personnes physiques ou morales deja declarés;52900352097;Donnée inexistante dans le référentiel;540623;Erreur;52900352097
idIntBen;SYN002;Ce champ peut prendre les valeurs du referentiel identifiant interne des personnes physiques ou morales deja declarés;12200124346;Donnée inexistante dans le référentiel;540753;Erreur;12200124346
idIntBen;SYN002;Ce champ peut prendre les valeurs du referentiel identifiant interne des personnes physiques ou morales deja declarés;80300101679;Donnée inexistante dans le référentiel;540622;Erreur;80300101679
idIntBen;SYN002;Ce champ peut prendre les valeurs du referentiel identifiant interne des personnes physiques ou morales deja declarés;80100182272;Donnée inexistante dans le référentiel;540625;Erreur;80100182272
idIntBen;SYN002;Ce champ peut prendre les valeurs du referentiel identifiant interne des personnes physiques ou morales deja declarés;32400011923;Donnée inexistante dans le référentiel;540617;Erreur;32400011923
idIntBen;SYN002;Ce champ peut prendre les valeurs du referentiel identifiant interne des personnes physiques ou morales deja declarés;42400181274;Donnée inexistante dans le référentiel;540618;Erreur;42400181274
idIntBen;SYN002;Ce champ peut prendre les valeurs du referentiel identifiant interne des personnes physiques ou morales deja declarés;55800008288;Donnée inexistante dans le référentiel;540620;Erreur;55800008288
idIntBen;SYN002;Ce champ peut prendre les valeurs du referentiel identifiant interne des personnes physiques ou morales deja declarés;32300347558;Donnée inexistante dans le référentiel;540603;Erreur;32300347558
idIntBen;SYN002;Ce champ peut prendre les valeurs du referentiel identifiant interne des personnes physiques ou morales deja declarés;80300304880;Donnée inexistante dans le référentiel;540595;Erreur;80300304880
idIntBen;SYN002;Ce champ peut prendre les valeurs du referentiel identifiant interne des personnes physiques ou morales deja declarés;80300304897;Donnée inexistante dans le référentiel;540597;Erreur;80300304897
idIntBen;SYN002;Ce champ peut prendre les valeurs du referentiel identifiant interne des personnes physiques ou morales deja declarés;32300344429;Donnée inexistante dans le référentiel;540594;Erreur;32300344429
idIntBen;SYN002;Ce champ peut prendre les valeurs du referentiel identifiant interne des personnes physiques ou morales deja declarés;32300348942;Donnée inexistante dans le référentiel;540590;Erreur;32300348942
idIntBen;SYN002;Ce champ peut prendre les valeurs du referentiel identifiant interne des personnes physiques ou morales deja declarés;91000185529;Donnée inexistante dans le référentiel;540593;Erreur;91000185529
idIntBen;SYN002;Ce champ peut prendre les valeurs du referentiel identifiant interne des personnes physiques ou morales deja declarés;42000144718;Donnée inexistante dans le référentiel;540589;Erreur;42000144718
idIntBen;SYN002;Ce champ peut prendre les valeurs du referentiel identifiant interne des personnes physiques ou morales deja declarés;20100002737;Donnée inexistante dans le référentiel;540591;Erreur;20100002737
idIntBen;SYN002;Ce champ peut prendre les valeurs du referentiel identifiant interne des personnes physiques ou morales deja declarés;42000353183;Donnée inexistante dans le référentiel;540580;Erreur;42000353183
idIntBen;SYN002;Ce champ peut prendre les valeurs du referentiel identifiant interne des personnes physiques ou morales deja declarés;55800008042;Donnée inexistante dans le référentiel;540883;Erreur;55800008042
idIntBen;SYN002;Ce champ peut prendre les valeurs du referentiel identifiant interne des personnes physiques ou morales deja declarés;80300001028;Donnée inexistante dans le référentiel;540588;Erreur;80300001028
idIntBen;SYN002;Ce champ peut prendre les valeurs du referentiel identifiant interne des personnes physiques ou morales deja declarés;55800009090;Donnée inexistante dans le référentiel;540884;Erreur;55800009090
idIntBen;SYN002;Ce champ peut prendre les valeurs du referentiel identifiant interne des personnes physiques ou morales deja declarés;55800009323;Donnée inexistante dans le référentiel;540885;Erreur;55800009323
idIntBen;SYN002;Ce champ peut prendre les valeurs du referentiel identifiant interne des personnes physiques ou morales deja declarés;92000351203;Donnée inexistante dans le référentiel;540880;Erreur;92000351203
idIntBen;SYN002;Ce champ peut prendre les valeurs du referentiel identifiant interne des personnes physiques ou morales deja declarés;92000000022;Donnée inexistante dans le référentiel;540881;Erreur;92000000022
idIntBen;SYN002;Ce champ peut prendre les valeurs du referentiel identifiant interne des personnes physiques ou morales deja declarés;92000342021;Donnée inexistante dans le référentiel;540822;Erreur;92000342021
idIntBen;SYN002;Ce champ peut prendre les valeurs du referentiel identifiant interne des personnes physiques ou morales deja declarés;92000000089;Donnée inexistante dans le référentiel;540882;Erreur;92000000089
idIntBen;SYN002;Ce champ peut prendre les valeurs du referentiel identifiant interne des personnes physiques ou morales deja declarés;92000001631;Donnée inexistante dans le référentiel;540879;Erreur;92000001631
idIntBen;SYN002;Ce champ peut prendre les valeurs du referentiel identifiant interne des personnes physiques ou morales deja declarés;92000000316;Donnée inexistante dans le référentiel;540830;Erreur;92000000316
idIntBen;SYN002;Ce champ peut prendre les valeurs du referentiel identifiant interne des personnes physiques ou morales deja declarés;92000000559;Donnée inexistante dans le référentiel;540816;Erreur;92000000559
idIntBen;SYN002;Ce champ peut prendre les valeurs du referentiel identifiant interne des personnes physiques ou morales deja declarés;92000000827;Donnée inexistante dans le référentiel;540834;Erreur;92000000827
idIntBen;SYN002;Ce champ peut prendre les valeurs du referentiel identifiant interne des personnes physiques ou morales deja declarés;92000015764;Donnée inexistante dans le référentiel;540811;Erreur;92000015764
idIntBen;SYN002;Ce champ peut prendre les valeurs du referentiel identifiant interne des personnes physiques ou morales deja declarés;52300007818;Donnée inexistante dans le référentiel;540687;Erreur;52300007818
idIntBen;SYN002;Ce champ peut prendre les valeurs du referentiel identifiant interne des personnes physiques ou morales deja declarés;52300248861;Donnée inexistante dans le référentiel;540688;Erreur;52300248861
idIntBen;SYN002;Ce champ peut prendre les valeurs du referentiel identifiant interne des personnes physiques ou morales deja declarés;52300002503;Donnée inexistante dans le référentiel;540686;Erreur;52300002503
idIntBen;SYN002;Ce champ peut prendre les valeurs du referentiel identifiant interne des personnes physiques ou morales deja declarés;52300274699;Donnée inexistante dans le référentiel;540684;Erreur;52300274699
idIntBen;SYN002;Ce champ peut prendre les valeurs du referentiel identifiant interne des personnes physiques ou morales deja declarés;52300292143;Donnée inexistante dans le référentiel;540683;Erreur;52300292143
idIntBen;SYN002;Ce champ peut prendre les valeurs du referentiel identifiant interne des personnes physiques ou morales deja declarés;52300010826;Donnée inexistante dans le référentiel;540682;Erreur;52300010826
idIntBen;SYN002;Ce champ peut prendre les valeurs du referentiel identifiant interne des personnes physiques ou morales deja declarés;52300292327;Donnée inexistante dans le référentiel;540685;Erreur;52300292327
idIntBen;SYN002;Ce champ peut prendre les valeurs du referentiel identifiant interne des personnes physiques ou morales deja declarés;42600353964;Donnée inexistante dans le référentiel;540878;Erreur;42600353964
idIntBen;SYN002;Ce champ peut prendre les valeurs du referentiel identifiant interne des personnes physiques ou morales deja declarés;42600353923;Donnée inexistante dans le référentiel;540877;Erreur;42600353923
idIntBen;SYN002;Ce champ peut prendre les valeurs du referentiel identifiant interne des personnes physiques ou morales deja declarés;32100158115;Donnée inexistante dans le référentiel;540876;Erreur;32100158115
idIntBen;SYN002;Ce champ peut prendre les valeurs du referentiel identifiant interne des personnes physiques ou morales deja declarés;42400006661;Donnée inexistante dans le référentiel;540875;Erreur;42400006661
idIntBen;SYN002;Ce champ peut prendre les valeurs du referentiel identifiant interne des personnes physiques ou morales deja declarés;42600354366;Donnée inexistante dans le référentiel;540873;Erreur;42600354366
idIntBen;SYN002;Ce champ peut prendre les valeurs du referentiel identifiant interne des personnes physiques ou morales deja declarés;52300288577;Donnée inexistante dans le référentiel;540681;Erreur;52300288577
idIntBen;SYN002;Ce champ peut prendre les valeurs du referentiel identifiant interne des personnes physiques ou morales deja declarés;12800265432;Donnée inexistante dans le référentiel;540872;Erreur;12800265432
idIntBen;SYN002;Ce champ peut prendre les valeurs du referentiel identifiant interne des personnes physiques ou morales deja declarés;71500203459;Donnée inexistante dans le référentiel;540871;Erreur;71500203459
idIntBen;SYN002;Ce champ peut prendre les valeurs du referentiel identifiant interne des personnes physiques ou morales deja declarés;71500151908;Donnée inexistante dans le référentiel;540868;Erreur;71500151908
idIntBen;SYN002;Ce champ peut prendre les valeurs du referentiel identifiant interne des personnes physiques ou morales deja declarés;42400356065;Donnée inexistante dans le référentiel;540869;Erreur;42400356065
idIntBen;SYN002;Ce champ peut prendre les valeurs du referentiel identifiant interne des personnes physiques ou morales deja declarés;32100007116;Donnée inexistante dans le référentiel;540867;Erreur;32100007116
idIntBen;SYN002;Ce champ peut prendre les valeurs du referentiel identifiant interne des personnes physiques ou morales deja declarés;42400345652;Donnée inexistante dans le référentiel;540865;Erreur;42400345652
idIntBen;SYN002;Ce champ peut prendre les valeurs du referentiel identifiant interne des personnes physiques ou morales deja declarés;42400355358;Donnée inexistante dans le référentiel;540874;Erreur;42400355358
idIntBen;SYN002;Ce champ peut prendre les valeurs du referentiel identifiant interne des personnes physiques ou morales deja declarés;32100354328;Donnée inexistante dans le référentiel;540864;Erreur;32100354328
idIntBen;SYN002;Ce champ peut prendre les valeurs du referentiel identifiant interne des personnes physiques ou morales deja declarés;70500356582;Donnée inexistante dans le référentiel;540866;Erreur;70500356582
idIntBen;SYN002;Ce champ peut prendre les valeurs du referentiel identifiant interne des personnes physiques ou morales deja declarés;32100354320;Donnée inexistante dans le référentiel;540862;Erreur;32100354320
idIntBen;SYN002;Ce champ peut prendre les valeurs du referentiel identifiant interne des personnes physiques ou morales deja declarés;71500347703;Donnée inexistante dans le référentiel;540863;Erreur;71500347703
idIntBen;SYN002;Ce champ peut prendre les valeurs du referentiel identifiant interne des personnes physiques ou morales deja declarés;42000155831;Donnée inexistante dans le référentiel;540587;Erreur;42000155831
idIntBen;SYN002;Ce champ peut prendre les valeurs du referentiel identifiant interne des personnes physiques ou morales deja declarés;42200000437;Donnée inexistante dans le référentiel;540860;Erreur;42200000437
idIntBen;SYN002;Ce champ peut prendre les valeurs du referentiel identifiant interne des personnes physiques ou morales deja declarés;70100155902;Donnée inexistante dans le référentiel;540853;Erreur;70100155902
idIntBen;SYN002;Ce champ peut prendre les valeurs du referentiel identifiant interne des personnes physiques ou morales deja declarés;42400355041;Donnée inexistante dans le référentiel;540856;Erreur;42400355041
idIntBen;SYN002;Ce champ peut prendre les valeurs du referentiel identifiant interne des personnes physiques ou morales deja declarés;32100009382;Donnée inexistante dans le référentiel;540858;Erreur;32100009382
idIntBen;SYN002;Ce champ peut prendre les valeurs du referentiel identifiant interne des personnes physiques ou morales deja declarés;71500347703;Donnée inexistante dans le référentiel;540859;Erreur;71500347703
idIntBen;SYN002;Ce champ peut prendre les valeurs du referentiel identifiant interne des personnes physiques ou morales deja declarés;32100225323;Donnée inexistante dans le référentiel;540855;Erreur;32100225323
idIntBen;SYN002;Ce champ peut prendre les valeurs du referentiel identifiant interne des personnes physiques ou morales deja declarés;32100007116;Donnée inexistante dans le référentiel;540870;Erreur;32100007116
idIntBen;SYN002;Ce champ peut prendre les valeurs du referentiel identifiant interne des personnes physiques ou morales deja declarés;80300226258;Donnée inexistante dans le référentiel;540846;Erreur;80300226258
idIntBen;SYN002;Ce champ peut prendre les valeurs du referentiel identifiant interne des personnes physiques ou morales deja declarés;70100013148;Donnée inexistante dans le référentiel;540847;Erreur;70100013148
idIntBen;SYN002;Ce champ peut prendre les valeurs du referentiel identifiant interne des personnes physiques ou morales deja declarés;60400015439;Donnée inexistante dans le référentiel;540848;Erreur;60400015439
idIntBen;SYN002;Ce champ peut prendre les valeurs du referentiel identifiant interne des personnes physiques ou morales deja declarés;80300226235;Donnée inexistante dans le référentiel;540838;Erreur;80300226235
idIntBen;SYN002;Ce champ peut prendre les valeurs du referentiel identifiant interne des personnes physiques ou morales deja declarés;80200130526;Donnée inexistante dans le référentiel;540845;Erreur;80200130526
idIntBen;SYN002;Ce champ peut prendre les valeurs du referentiel identifiant interne des personnes physiques ou morales deja declarés;95800008182;Donnée inexistante dans le référentiel;540852;Erreur;95800008182
idIntBen;SYN002;Ce champ peut prendre les valeurs du referentiel identifiant interne des personnes physiques ou morales deja declarés;80200007976;Donnée inexistante dans le référentiel;540839;Erreur;80200007976
idIntBen;SYN002;Ce champ peut prendre les valeurs du referentiel identifiant interne des personnes physiques ou morales deja declarés;32100354517;Donnée inexistante dans le référentiel;540850;Erreur;32100354517
idIntBen;SYN002;Ce champ peut prendre les valeurs du referentiel identifiant interne des personnes physiques ou morales deja declarés;42400204285;Donnée inexistante dans le référentiel;540841;Erreur;42400204285
idIntBen;SYN002;Ce champ peut prendre les valeurs du referentiel identifiant interne des personnes physiques ou morales deja declarés;80200181778;Donnée inexistante dans le référentiel;540854;Erreur;80200181778
idIntBen;SYN002;Ce champ peut prendre les valeurs du referentiel identifiant interne des personnes physiques ou morales deja declarés;51300008292;Donnée inexistante dans le référentiel;540810;Erreur;51300008292
idIntBen;SYN002;Ce champ peut prendre les valeurs du referentiel identifiant interne des personnes physiques ou morales deja declarés;95800352245;Donnée inexistante dans le référentiel;540844;Erreur;95800352245
idIntBen;SYN002;Ce champ peut prendre les valeurs du referentiel identifiant interne des personnes physiques ou morales deja declarés;70400000024;Donnée inexistante dans le référentiel;540835;Erreur;70400000024
idIntBen;SYN002;Ce champ peut prendre les valeurs du referentiel identifiant interne des personnes physiques ou morales deja declarés;70100013151;Donnée inexistante dans le référentiel;540849;Erreur;70100013151
idIntBen;SYN002;Ce champ peut prendre les valeurs du referentiel identifiant interne des personnes physiques ou morales deja declarés;61200006895;Donnée inexistante dans le référentiel;540836;Erreur;61200006895
idIntBen;SYN002;Ce champ peut prendre les valeurs du referentiel identifiant interne des personnes physiques ou morales deja declarés;70100156486;Donnée inexistante dans le référentiel;540857;Erreur;70100156486
idIntBen;SYN002;Ce champ peut prendre les valeurs du referentiel identifiant interne des personnes physiques ou morales deja declarés;70400166934;Donnée inexistante dans le référentiel;540828;Erreur;70400166934
idIntBen;SYN002;Ce champ peut prendre les valeurs du referentiel identifiant interne des personnes physiques ou morales deja declarés;32200300645;Donnée inexistante dans le référentiel;540851;Erreur;32200300645
idIntBen;SYN002;Ce champ peut prendre les valeurs du referentiel identifiant interne des personnes physiques ou morales deja declarés;70400356814;Donnée inexistante dans le référentiel;540832;Erreur;70400356814
idIntBen;SYN002;Ce champ peut prendre les valeurs du referentiel identifiant interne des personnes physiques ou morales deja declarés;42400355618;Donnée inexistante dans le référentiel;540833;Erreur;42400355618
idIntBen;SYN002;Ce champ peut prendre les valeurs du referentiel identifiant interne des personnes physiques ou morales deja declarés;80300017275;Donnée inexistante dans le référentiel;540827;Erreur;80300017275
idIntBen;SYN002;Ce champ peut prendre les valeurs du referentiel identifiant interne des personnes physiques ou morales deja declarés;32100148876;Donnée inexistante dans le référentiel;540843;Erreur;32100148876
idIntBen;SYN002;Ce champ peut prendre les valeurs du referentiel identifiant interne des personnes physiques ou morales deja declarés;51300201252;Donnée inexistante dans le référentiel;540805;Erreur;51300201252
idIntBen;SYN002;Ce champ peut prendre les valeurs du referentiel identifiant interne des personnes physiques ou morales deja declarés;60400016763;Donnée inexistante dans le référentiel;540840;Erreur;60400016763
idIntBen;SYN002;Ce champ peut prendre les valeurs du referentiel identifiant interne des personnes physiques ou morales deja declarés;42400011601;Donnée inexistante dans le référentiel;540829;Erreur;42400011601
idIntBen;SYN002;Ce champ peut prendre les valeurs du referentiel identifiant interne des personnes physiques ou morales deja declarés;80300168526;Donnée inexistante dans le référentiel;540842;Erreur;80300168526
idIntBen;SYN002;Ce champ peut prendre les valeurs du referentiel identifiant interne des personnes physiques ou morales deja declarés;70200005462;Donnée inexistante dans le référentiel;540831;Erreur;70200005462
idIntBen;SYN002;Ce champ peut prendre les valeurs du referentiel identifiant interne des personnes physiques ou morales deja declarés;80300024266;Donnée inexistante dans le référentiel;540821;Erreur;80300024266
idIntBen;SYN002;Ce champ peut prendre les valeurs du referentiel identifiant interne des personnes physiques ou morales deja declarés;70500206979;Donnée inexistante dans le référentiel;540825;Erreur;70500206979
idIntBen;SYN002;Ce champ peut prendre les valeurs du referentiel identifiant interne des personnes physiques ou morales deja declarés;61200201656;Donnée inexistante dans le référentiel;540773;Erreur;61200201656
idIntBen;SYN002;Ce champ peut prendre les valeurs du referentiel identifiant interne des personnes physiques ou morales deja declarés;16000218574;Donnée inexistante dans le référentiel;540819;Erreur;16000218574
idIntBen;SYN002;Ce champ peut prendre les valeurs du referentiel identifiant interne des personnes physiques ou morales deja declarés;70400005557;Donnée inexistante dans le référentiel;540823;Erreur;70400005557
idIntBen;SYN002;Ce champ peut prendre les valeurs du referentiel identifiant interne des personnes physiques ou morales deja declarés;96200000918;Donnée inexistante dans le référentiel;540826;Erreur;96200000918
idIntBen;SYN002;Ce champ peut prendre les valeurs du referentiel identifiant interne des personnes physiques ou morales deja declarés;42400354814;Donnée inexistante dans le référentiel;540861;Erreur;42400354814
idIntBen;SYN002;Ce champ peut prendre les valeurs du referentiel identifiant interne des personnes physiques ou morales deja declarés;32100148450;Donnée inexistante dans le référentiel;540815;Erreur;32100148450
idIntBen;SYN002;Ce champ peut prendre les valeurs du referentiel identifiant interne des personnes physiques ou morales deja declarés;32400001707;Donnée inexistante dans le référentiel;540814;Erreur;32400001707
idIntBen;SYN002;Ce champ peut prendre les valeurs du referentiel identifiant interne des personnes physiques ou morales deja declarés;95800349732;Donnée inexistante dans le référentiel;540837;Erreur;95800349732
idIntBen;SYN002;Ce champ peut prendre les valeurs du referentiel identifiant interne des personnes physiques ou morales deja declarés;42600356862;Donnée inexistante dans le référentiel;540762;Erreur;42600356862
idIntBen;SYN002;Ce champ peut prendre les valeurs du referentiel identifiant interne des personnes physiques ou morales deja declarés;52900172262;Donnée inexistante dans le référentiel;540813;Erreur;52900172262
idIntBen;SYN002;Ce champ peut prendre les valeurs du referentiel identifiant interne des personnes physiques ou morales deja declarés;60400007127;Donnée inexistante dans le référentiel;540806;Erreur;60400007127
idIntBen;SYN002;Ce champ peut prendre les valeurs du referentiel identifiant interne des personnes physiques ou morales deja declarés;11200006182;Donnée inexistante dans le référentiel;540812;Erreur;11200006182
idIntBen;SYN002;Ce champ peut prendre les valeurs du referentiel identifiant interne des personnes physiques ou morales deja declarés;55200175682;Donnée inexistante dans le référentiel;540824;Erreur;55200175682
idIntBen;SYN002;Ce champ peut prendre les valeurs du referentiel identifiant interne des personnes physiques ou morales deja declarés;55200007088;Donnée inexistante dans le référentiel;540809;Erreur;55200007088
idIntBen;SYN002;Ce champ peut prendre les valeurs du referentiel identifiant interne des personnes physiques ou morales deja declarés;80100211495;Donnée inexistante dans le référentiel;540808;Erreur;80100211495
idIntBen;SYN002;Ce champ peut prendre les valeurs du referentiel identifiant interne des personnes physiques ou morales deja declarés;80300189035;Donnée inexistante dans le référentiel;540804;Erreur;80300189035
idIntBen;SYN002;Ce champ peut prendre les valeurs du referentiel identifiant interne des personnes physiques ou morales deja declarés;80300023559;Donnée inexistante dans le référentiel;540803;Erreur;80300023559
idIntBen;SYN002;Ce champ peut prendre les valeurs du referentiel identifiant interne des personnes physiques ou morales deja declarés;55200012530;Donnée inexistante dans le référentiel;540802;Erreur;55200012530
idIntBen;SYN002;Ce champ peut prendre les valeurs du referentiel identifiant interne des personnes physiques ou morales deja declarés;51300131253;Donnée inexistante dans le référentiel;540800;Erreur;51300131253
idIntBen;SYN002;Ce champ peut prendre les valeurs du referentiel identifiant interne des personnes physiques ou morales deja declarés;41500193248;Donnée inexistante dans le référentiel;540788;Erreur;41500193248
idIntBen;SYN002;Ce champ peut prendre les valeurs du referentiel identifiant interne des personnes physiques ou morales deja declarés;41500352131;Donnée inexistante dans le référentiel;540785;Erreur;41500352131
idIntBen;SYN002;Ce champ peut prendre les valeurs du referentiel identifiant interne des personnes physiques ou morales deja declarés;41500007774;Donnée inexistante dans le référentiel;540779;Erreur;41500007774
idIntBen;SYN002;Ce champ peut prendre les valeurs du referentiel identifiant interne des personnes physiques ou morales deja declarés;41500351095;Donnée inexistante dans le référentiel;540776;Erreur;41500351095
idIntBen;SYN002;Ce champ peut prendre les valeurs du referentiel identifiant interne des personnes physiques ou morales deja declarés;80300220122;Donnée inexistante dans le référentiel;540807;Erreur;80300220122
idIntBen;SYN002;Ce champ peut prendre les valeurs du referentiel identifiant interne des personnes physiques ou morales deja declarés;41500352128;Donnée inexistante dans le référentiel;540769;Erreur;41500352128
idIntBen;SYN002;Ce champ peut prendre les valeurs du referentiel identifiant interne des personnes physiques ou morales deja declarés;42400355361;Donnée inexistante dans le référentiel;540818;Erreur;42400355361
idIntBen;SYN002;Ce champ peut prendre les valeurs du referentiel identifiant interne des personnes physiques ou morales deja declarés;51300008078;Donnée inexistante dans le référentiel;540798;Erreur;51300008078
idIntBen;SYN002;Ce champ peut prendre les valeurs du referentiel identifiant interne des personnes physiques ou morales deja declarés;41500239541;Donnée inexistante dans le référentiel;540767;Erreur;41500239541
idIntBen;SYN002;Ce champ peut prendre les valeurs du referentiel identifiant interne des personnes physiques ou morales deja declarés;42400012060;Donnée inexistante dans le référentiel;540801;Erreur;42400012060
idIntBen;SYN002;Ce champ peut prendre les valeurs du referentiel identifiant interne des personnes physiques ou morales deja declarés;12700158471;Donnée inexistante dans le référentiel;540820;Erreur;12700158471
idIntBen;SYN002;Ce champ peut prendre les valeurs du referentiel identifiant interne des personnes physiques ou morales deja declarés;70500210198;Donnée inexistante dans le référentiel;540797;Erreur;70500210198
idIntBen;SYN002;Ce champ peut prendre les valeurs du referentiel identifiant interne des personnes physiques ou morales deja declarés;80300230199;Donnée inexistante dans le référentiel;540796;Erreur;80300230199
idIntBen;SYN002;Ce champ peut prendre les valeurs du referentiel identifiant interne des personnes physiques ou morales deja declarés;80300013818;Donnée inexistante dans le référentiel;540817;Erreur;80300013818
idIntBen;SYN002;Ce champ peut prendre les valeurs du referentiel identifiant interne des personnes physiques ou morales deja declarés;23500000001;Donnée inexistante dans le référentiel;540799;Erreur;23500000001
idIntBen;SYN002;Ce champ peut prendre les valeurs du referentiel identifiant interne des personnes physiques ou morales deja declarés;41500352141;Donnée inexistante dans le référentiel;540756;Erreur;41500352141
idIntBen;SYN002;Ce champ peut prendre les valeurs du referentiel identifiant interne des personnes physiques ou morales deja declarés;23500007518;Donnée inexistante dans le référentiel;540795;Erreur;23500007518
idIntBen;SYN002;Ce champ peut prendre les valeurs du referentiel identifiant interne des personnes physiques ou morales deja declarés;61200007131;Donnée inexistante dans le référentiel;540758;Erreur;61200007131
idIntBen;SYN002;Ce champ peut prendre les valeurs du referentiel identifiant interne des personnes physiques ou morales deja declarés;10200228693;Donnée inexistante dans le référentiel;540793;Erreur;10200228693
idIntBen;SYN002;Ce champ peut prendre les valeurs du referentiel identifiant interne des personnes physiques ou morales deja declarés;41500354987;Donnée inexistante dans le référentiel;540775;Erreur;41500354987
idIntBen;SYN002;Ce champ peut prendre les valeurs du referentiel identifiant interne des personnes physiques ou morales deja declarés;55200006846;Donnée inexistante dans le référentiel;540791;Erreur;55200006846
idIntBen;SYN002;Ce champ peut prendre les valeurs du referentiel identifiant interne des personnes physiques ou morales deja declarés;35500006239;Donnée inexistante dans le référentiel;540763;Erreur;35500006239
idIntBen;SYN002;Ce champ peut prendre les valeurs du referentiel identifiant interne des personnes physiques ou morales deja declarés;70100007298;Donnée inexistante dans le référentiel;540794;Erreur;70100007298
idIntBen;SYN002;Ce champ peut prendre les valeurs du referentiel identifiant interne des personnes physiques ou morales deja declarés;34200008415;Donnée inexistante dans le référentiel;540790;Erreur;34200008415
idIntBen;SYN002;Ce champ peut prendre les valeurs du referentiel identifiant interne des personnes physiques ou morales deja declarés;41500006858;Donnée inexistante dans le référentiel;540689;Erreur;41500006858
idIntBen;SYN002;Ce champ peut prendre les valeurs du referentiel identifiant interne des personnes physiques ou morales deja declarés;41500352134;Donnée inexistante dans le référentiel;540761;Erreur;41500352134
idIntBen;SYN002;Ce champ peut prendre les valeurs du referentiel identifiant interne des personnes physiques ou morales deja declarés;12700167538;Donnée inexistante dans le référentiel;540792;Erreur;12700167538
idIntBen;SYN002;Ce champ peut prendre les valeurs du referentiel identifiant interne des personnes physiques ou morales deja declarés;12200124347;Donnée inexistante dans le référentiel;540766;Erreur;12200124347
idIntBen;SYN002;Ce champ peut prendre les valeurs du referentiel identifiant interne des personnes physiques ou morales deja declarés;12200172810;Donnée inexistante dans le référentiel;540757;Erreur;12200172810
idIntBen;SYN002;Ce champ peut prendre les valeurs du referentiel identifiant interne des personnes physiques ou morales deja declarés;35500008571;Donnée inexistante dans le référentiel;540787;Erreur;35500008571
idIntBen;SYN002;Ce champ peut prendre les valeurs du referentiel identifiant interne des personnes physiques ou morales deja declarés;15500009603;Donnée inexistante dans le référentiel;540783;Erreur;15500009603
idIntBen;SYN002;Ce champ peut prendre les valeurs du referentiel identifiant interne des personnes physiques ou morales deja declarés;55200014436;Donnée inexistante dans le référentiel;540782;Erreur;55200014436
idIntBen;SYN002;Ce champ peut prendre les valeurs du referentiel identifiant interne des personnes physiques ou morales deja declarés;10200210017;Donnée inexistante dans le référentiel;540784;Erreur;10200210017
idIntBen;SYN002;Ce champ peut prendre les valeurs du referentiel identifiant interne des personnes physiques ou morales deja declarés;35500005989;Donnée inexistante dans le référentiel;540789;Erreur;35500005989
idIntBen;SYN002;Ce champ peut prendre les valeurs du referentiel identifiant interne des personnes physiques ou morales deja declarés;12200195525;Donnée inexistante dans le référentiel;540750;Erreur;12200195525
idIntBen;SYN002;Ce champ peut prendre les valeurs du referentiel identifiant interne des personnes physiques ou morales deja declarés;35500123524;Donnée inexistante dans le référentiel;540781;Erreur;35500123524
idIntBen;SYN002;Ce champ peut prendre les valeurs du referentiel identifiant interne des personnes physiques ou morales deja declarés;91900187501;Donnée inexistante dans le référentiel;540786;Erreur;91900187501
idIntBen;SYN002;Ce champ peut prendre les valeurs du referentiel identifiant interne des personnes physiques ou morales deja declarés;12200000884;Donnée inexistante dans le référentiel;540749;Erreur;12200000884
idIntBen;SYN002;Ce champ peut prendre les valeurs du referentiel identifiant interne des personnes physiques ou morales deja declarés;61200007283;Donnée inexistante dans le référentiel;540760;Erreur;61200007283
idIntBen;SYN002;Ce champ peut prendre les valeurs du referentiel identifiant interne des personnes physiques ou morales deja declarés;12200016925;Donnée inexistante dans le référentiel;540772;Erreur;12200016925
idIntBen;SYN002;Ce champ peut prendre les valeurs du referentiel identifiant interne des personnes physiques ou morales deja declarés;61200155008;Donnée inexistante dans le référentiel;540407;Erreur;61200155008
idIntBen;SYN002;Ce champ peut prendre les valeurs du referentiel identifiant interne des personnes physiques ou morales deja declarés;12200005704;Donnée inexistante dans le référentiel;540739;Erreur;12200005704
idIntBen;SYN002;Ce champ peut prendre les valeurs du referentiel identifiant interne des personnes physiques ou morales deja declarés;10200204547;Donnée inexistante dans le référentiel;540780;Erreur;10200204547
idIntBen;SYN002;Ce champ peut prendre les valeurs du referentiel identifiant interne des personnes physiques ou morales deja declarés;12200353227;Donnée inexistante dans le référentiel;540743;Erreur;12200353227
idIntBen;SYN002;Ce champ peut prendre les valeurs du referentiel identifiant interne des personnes physiques ou morales deja declarés;12200006009;Donnée inexistante dans le référentiel;540734;Erreur;12200006009
idIntBen;SYN002;Ce champ peut prendre les valeurs du referentiel identifiant interne des personnes physiques ou morales deja declarés;41500352133;Donnée inexistante dans le référentiel;540765;Erreur;41500352133
idIntBen;SYN002;Ce champ peut prendre les valeurs du referentiel identifiant interne des personnes physiques ou morales deja declarés;12200193892;Donnée inexistante dans le référentiel;540735;Erreur;12200193892
idIntBen;SYN002;Ce champ peut prendre les valeurs du referentiel identifiant interne des personnes physiques ou morales deja declarés;12200006474;Donnée inexistante dans le référentiel;540730;Erreur;12200006474
idIntBen;SYN002;Ce champ peut prendre les valeurs du referentiel identifiant interne des personnes physiques ou morales deja declarés;12200352081;Donnée inexistante dans le référentiel;540732;Erreur;12200352081
idIntBen;SYN002;Ce champ peut prendre les valeurs du referentiel identifiant interne des personnes physiques ou morales deja declarés;12200020218;Donnée inexistante dans le référentiel;540728;Erreur;12200020218
idIntBen;SYN002;Ce champ peut prendre les valeurs du referentiel identifiant interne des personnes physiques ou morales deja declarés;41500007211;Donnée inexistante dans le référentiel;540778;Erreur;41500007211
idIntBen;SYN002;Ce champ peut prendre les valeurs du referentiel identifiant interne des personnes physiques ou morales deja declarés;10200210015;Donnée inexistante dans le référentiel;540777;Erreur;10200210015
idIntBen;SYN002;Ce champ peut prendre les valeurs du referentiel identifiant interne des personnes physiques ou morales deja declarés;15500196416;Donnée inexistante dans le référentiel;540774;Erreur;15500196416
idIntBen;SYN002;Ce champ peut prendre les valeurs du referentiel identifiant interne des personnes physiques ou morales deja declarés;80100148284;Donnée inexistante dans le référentiel;540754;Erreur;80100148284
idIntBen;SYN002;Ce champ peut prendre les valeurs du referentiel identifiant interne des personnes physiques ou morales deja declarés;10200118715;Donnée inexistante dans le référentiel;540768;Erreur;10200118715
idIntBen;SYN002;Ce champ peut prendre les valeurs du referentiel identifiant interne des personnes physiques ou morales deja declarés;10200194840;Donnée inexistante dans le référentiel;540770;Erreur;10200194840
idIntBen;SYN002;Ce champ peut prendre les valeurs du referentiel identifiant interne des personnes physiques ou morales deja declarés;10200009715;Donnée inexistante dans le référentiel;540624;Erreur;10200009715
idIntBen;SYN002;Ce champ peut prendre les valeurs du referentiel identifiant interne des personnes physiques ou morales deja declarés;10200208709;Donnée inexistante dans le référentiel;540759;Erreur;10200208709
idIntBen;SYN002;Ce champ peut prendre les valeurs du referentiel identifiant interne des personnes physiques ou morales deja declarés;42000353201;Donnée inexistante dans le référentiel;540752;Erreur;42000353201
idIntBen;SYN002;Ce champ peut prendre les valeurs du referentiel identifiant interne des personnes physiques ou morales deja declarés;15500232434;Donnée inexistante dans le référentiel;540751;Erreur;15500232434
idIntBen;SYN002;Ce champ peut prendre les valeurs du referentiel identifiant interne des personnes physiques ou morales deja declarés;41900355543;Donnée inexistante dans le référentiel;540722;Erreur;41900355543
idIntBen;SYN002;Ce champ peut prendre les valeurs du referentiel identifiant interne des personnes physiques ou morales deja declarés;41900356763;Donnée inexistante dans le référentiel;540724;Erreur;41900356763
idIntBen;SYN002;Ce champ peut prendre les valeurs du referentiel identifiant interne des personnes physiques ou morales deja declarés;41900205488;Donnée inexistante dans le référentiel;540721;Erreur;41900205488
idIntBen;SYN002;Ce champ peut prendre les valeurs du referentiel identifiant interne des personnes physiques ou morales deja declarés;12200017835;Donnée inexistante dans le référentiel;540745;Erreur;12200017835
idIntBen;SYN002;Ce champ peut prendre les valeurs du referentiel identifiant interne des personnes physiques ou morales deja declarés;15500193924;Donnée inexistante dans le référentiel;540764;Erreur;15500193924
idIntBen;SYN002;Ce champ peut prendre les valeurs du referentiel identifiant interne des personnes physiques ou morales deja declarés;41900208005;Donnée inexistante dans le référentiel;540727;Erreur;41900208005
idIntBen;SYN002;Ce champ peut prendre les valeurs du referentiel identifiant interne des personnes physiques ou morales deja declarés;15500276524;Donnée inexistante dans le référentiel;540755;Erreur;15500276524
idIntBen;SYN002;Ce champ peut prendre les valeurs du referentiel identifiant interne des personnes physiques ou morales deja declarés;10200210098;Donnée inexistante dans le référentiel;540731;Erreur;10200210098
idIntBen;SYN002;Ce champ peut prendre les valeurs du referentiel identifiant interne des personnes physiques ou morales deja declarés;41900356691;Donnée inexistante dans le référentiel;540719;Erreur;41900356691
idIntBen;SYN002;Ce champ peut prendre les valeurs du referentiel identifiant interne des personnes physiques ou morales deja declarés;10300003121;Donnée inexistante dans le référentiel;540771;Erreur;10300003121
idIntBen;SYN002;Ce champ peut prendre les valeurs du referentiel identifiant interne des personnes physiques ou morales deja declarés;41900305190;Donnée inexistante dans le référentiel;540707;Erreur;41900305190
idIntBen;SYN002;Ce champ peut prendre les valeurs du referentiel identifiant interne des personnes physiques ou morales deja declarés;41900305172;Donnée inexistante dans le référentiel;540704;Erreur;41900305172
idIntBen;SYN002;Ce champ peut prendre les valeurs du referentiel identifiant interne des personnes physiques ou morales deja declarés;41900355546;Donnée inexistante dans le référentiel;540699;Erreur;41900355546
idIntBen;SYN002;Ce champ peut prendre les valeurs du referentiel identifiant interne des personnes physiques ou morales deja declarés;41900355613;Donnée inexistante dans le référentiel;540696;Erreur;41900355613
idIntBen;SYN002;Ce champ peut prendre les valeurs du referentiel identifiant interne des personnes physiques ou morales deja declarés;42300006603;Donnée inexistante dans le référentiel;540497;Erreur;42300006603
idIntBen;SYN002;Ce champ peut prendre les valeurs du referentiel identifiant interne des personnes physiques ou morales deja declarés;41900205474;Donnée inexistante dans le référentiel;540691;Erreur;41900205474
idIntBen;SYN002;Ce champ peut prendre les valeurs du referentiel identifiant interne des personnes physiques ou morales deja declarés;11200007946;Donnée inexistante dans le référentiel;540748;Erreur;11200007946
idIntBen;SYN002;Ce champ peut prendre les valeurs du referentiel identifiant interne des personnes physiques ou morales deja declarés;41900204564;Donnée inexistante dans le référentiel;540702;Erreur;41900204564
idIntBen;SYN002;Ce champ peut prendre les valeurs du referentiel identifiant interne des personnes physiques ou morales deja declarés;41900355537;Donnée inexistante dans le référentiel;540718;Erreur;41900355537
idIntBen;SYN002;Ce champ peut prendre les valeurs du referentiel identifiant interne des personnes physiques ou morales deja declarés;10200210016;Donnée inexistante dans le référentiel;540746;Erreur;10200210016
idIntBen;SYN002;Ce champ peut prendre les valeurs du referentiel identifiant interne des personnes physiques ou morales deja declarés;15500184945;Donnée inexistante dans le référentiel;540747;Erreur;15500184945
idIntBen;SYN002;Ce champ peut prendre les valeurs du referentiel identifiant interne des personnes physiques ou morales deja declarés;71500336959;Donnée inexistante dans le référentiel;540741;Erreur;71500336959
idIntBen;SYN002;Ce champ peut prendre les valeurs du referentiel identifiant interne des personnes physiques ou morales deja declarés;71500356290;Donnée inexistante dans le référentiel;540726;Erreur;71500356290
idIntBen;SYN002;Ce champ peut prendre les valeurs du referentiel identifiant interne des personnes physiques ou morales deja declarés;10200201747;Donnée inexistante dans le référentiel;540742;Erreur;10200201747
idIntBen;SYN002;Ce champ peut prendre les valeurs du referentiel identifiant interne des personnes physiques ou morales deja declarés;41900355603;Donnée inexistante dans le référentiel;540694;Erreur;41900355603
idIntBen;SYN002;Ce champ peut prendre les valeurs du referentiel identifiant interne des personnes physiques ou morales deja declarés;95400347572;Donnée inexistante dans le référentiel;540680;Erreur;95400347572
idIntBen;SYN002;Ce champ peut prendre les valeurs du referentiel identifiant interne des personnes physiques ou morales deja declarés;41900212772;Donnée inexistante dans le référentiel;540701;Erreur;41900212772
idIntBen;SYN002;Ce champ peut prendre les valeurs du referentiel identifiant interne des personnes physiques ou morales deja declarés;42300352593;Donnée inexistante dans le référentiel;540575;Erreur;42300352593
idIntBen;SYN002;Ce champ peut prendre les valeurs du referentiel identifiant interne des personnes physiques ou morales deja declarés;32300348932;Donnée inexistante dans le référentiel;540733;Erreur;32300348932
idIntBen;SYN002;Ce champ peut prendre les valeurs du referentiel identifiant interne des personnes physiques ou morales deja declarés;41900355562;Donnée inexistante dans le référentiel;540720;Erreur;41900355562
idIntBen;SYN002;Ce champ peut prendre les valeurs du referentiel identifiant interne des personnes physiques ou morales deja declarés;11200006049;Donnée inexistante dans le référentiel;540744;Erreur;11200006049
idIntBen;SYN002;Ce champ peut prendre les valeurs du referentiel identifiant interne des personnes physiques ou morales deja declarés;95400350421;Donnée inexistante dans le référentiel;540679;Erreur;95400350421
idIntBen;SYN002;Ce champ peut prendre les valeurs du referentiel identifiant interne des personnes physiques ou morales deja declarés;81100025577;Donnée inexistante dans le référentiel;540715;Erreur;81100025577
idIntBen;SYN002;Ce champ peut prendre les valeurs du referentiel identifiant interne des personnes physiques ou morales deja declarés;81100160766;Donnée inexistante dans le référentiel;540714;Erreur;81100160766
idIntBen;SYN002;Ce champ peut prendre les valeurs du referentiel identifiant interne des personnes physiques ou morales deja declarés;41900355553;Donnée inexistante dans le référentiel;540717;Erreur;41900355553
idIntBen;SYN002;Ce champ peut prendre les valeurs du referentiel identifiant interne des personnes physiques ou morales deja declarés;81100217227;Donnée inexistante dans le référentiel;540712;Erreur;81100217227
idIntBen;SYN002;Ce champ peut prendre les valeurs du referentiel identifiant interne des personnes physiques ou morales deja declarés;81100158364;Donnée inexistante dans le référentiel;540710;Erreur;81100158364
idIntBen;SYN002;Ce champ peut prendre les valeurs du referentiel identifiant interne des personnes physiques ou morales deja declarés;41900355556;Donnée inexistante dans le référentiel;540716;Erreur;41900355556
idIntBen;SYN002;Ce champ peut prendre les valeurs du referentiel identifiant interne des personnes physiques ou morales deja declarés;41900355642;Donnée inexistante dans le référentiel;540703;Erreur;41900355642
idIntBen;SYN002;Ce champ peut prendre les valeurs du referentiel identifiant interne des personnes physiques ou morales deja declarés;41900314496;Donnée inexistante dans le référentiel;540700;Erreur;41900314496
idIntBen;SYN002;Ce champ peut prendre les valeurs du referentiel identifiant interne des personnes physiques ou morales deja declarés;10200208046;Donnée inexistante dans le référentiel;540723;Erreur;10200208046
idIntBen;SYN002;Ce champ peut prendre les valeurs du referentiel identifiant interne des personnes physiques ou morales deja declarés;70200179136;Donnée inexistante dans le référentiel;540725;Erreur;70200179136
idIntBen;SYN002;Ce champ peut prendre les valeurs du referentiel identifiant interne des personnes physiques ou morales deja declarés;81100025583;Donnée inexistante dans le référentiel;540698;Erreur;81100025583
idIntBen;SYN002;Ce champ peut prendre les valeurs du referentiel identifiant interne des personnes physiques ou morales deja declarés;41900356768;Donnée inexistante dans le référentiel;540729;Erreur;41900356768
idIntBen;SYN002;Ce champ peut prendre les valeurs du referentiel identifiant interne des personnes physiques ou morales deja declarés;81100215586;Donnée inexistante dans le référentiel;540697;Erreur;81100215586
idIntBen;SYN002;Ce champ peut prendre les valeurs du referentiel identifiant interne des personnes physiques ou morales deja declarés;81100025570;Donnée inexistante dans le référentiel;540695;Erreur;81100025570
idIntBen;SYN002;Ce champ peut prendre les valeurs du referentiel identifiant interne des personnes physiques ou morales deja declarés;81100218479;Donnée inexistante dans le référentiel;540693;Erreur;81100218479
idIntBen;SYN002;Ce champ peut prendre les valeurs du referentiel identifiant interne des personnes physiques ou morales deja declarés;81100216291;Donnée inexistante dans le référentiel;540692;Erreur;81100216291
idIntBen;SYN002;Ce champ peut prendre les valeurs du referentiel identifiant interne des personnes physiques ou morales deja declarés;41900201863;Donnée inexistante dans le référentiel;540709;Erreur;41900201863
idIntBen;SYN002;Ce champ peut prendre les valeurs du referentiel identifiant interne des personnes physiques ou morales deja declarés;41900205505;Donnée inexistante dans le référentiel;540706;Erreur;41900205505
idIntBen;SYN002;Ce champ peut prendre les valeurs du referentiel identifiant interne des personnes physiques ou morales deja declarés;70100234887;Donnée inexistante dans le référentiel;540528;Erreur;70100234887
idIntBen;SYN002;Ce champ peut prendre les valeurs du referentiel identifiant interne des personnes physiques ou morales deja declarés;42000356702;Donnée inexistante dans le référentiel;540678;Erreur;42000356702
idIntBen;SYN002;Ce champ peut prendre les valeurs du referentiel identifiant interne des personnes physiques ou morales deja declarés;41900355552;Donnée inexistante dans le référentiel;540713;Erreur;41900355552
idIntBen;SYN002;Ce champ peut prendre les valeurs du referentiel identifiant interne des personnes physiques ou morales deja declarés;95400347238;Donnée inexistante dans le référentiel;540677;Erreur;95400347238
idIntBen;SYN002;Ce champ peut prendre les valeurs du referentiel identifiant interne des personnes physiques ou morales deja declarés;95400347238;Donnée inexistante dans le référentiel;540676;Erreur;95400347238
idIntBen;SYN002;Ce champ peut prendre les valeurs du referentiel identifiant interne des personnes physiques ou morales deja declarés;81100025605;Donnée inexistante dans le référentiel;540526;Erreur;81100025605
idIntBen;SYN002;Ce champ peut prendre les valeurs du referentiel identifiant interne des personnes physiques ou morales deja declarés;42400355487;Donnée inexistante dans le référentiel;540675;Erreur;42400355487
idIntBen;SYN002;Ce champ peut prendre les valeurs du referentiel identifiant interne des personnes physiques ou morales deja declarés;70900349217;Donnée inexistante dans le référentiel;540673;Erreur;70900349217
idIntBen;SYN002;Ce champ peut prendre les valeurs du referentiel identifiant interne des personnes physiques ou morales deja declarés;41900355589;Donnée inexistante dans le référentiel;540711;Erreur;41900355589
idIntBen;SYN002;Ce champ peut prendre les valeurs du referentiel identifiant interne des personnes physiques ou morales deja declarés;42000355886;Donnée inexistante dans le référentiel;540672;Erreur;42000355886
idIntBen;SYN002;Ce champ peut prendre les valeurs du referentiel identifiant interne des personnes physiques ou morales deja declarés;42000016788;Donnée inexistante dans le référentiel;540674;Erreur;42000016788
idIntBen;SYN002;Ce champ peut prendre les valeurs du referentiel identifiant interne des personnes physiques ou morales deja declarés;42000147314;Donnée inexistante dans le référentiel;540669;Erreur;42000147314
idIntBen;SYN002;Ce champ peut prendre les valeurs du referentiel identifiant interne des personnes physiques ou morales deja declarés;32300231720;Donnée inexistante dans le référentiel;540662;Erreur;32300231720
idIntBen;SYN002;Ce champ peut prendre les valeurs du referentiel identifiant interne des personnes physiques ou morales deja declarés;32300346991;Donnée inexistante dans le référentiel;540666;Erreur;32300346991
idIntBen;SYN002;Ce champ peut prendre les valeurs du referentiel identifiant interne des personnes physiques ou morales deja declarés;32300229563;Donnée inexistante dans le référentiel;540671;Erreur;32300229563
idIntBen;SYN002;Ce champ peut prendre les valeurs du referentiel identifiant interne des personnes physiques ou morales deja declarés;32300346988;Donnée inexistante dans le référentiel;540664;Erreur;32300346988
idIntBen;SYN002;Ce champ peut prendre les valeurs du referentiel identifiant interne des personnes physiques ou morales deja declarés;32300346996;Donnée inexistante dans le référentiel;540663;Erreur;32300346996
idIntBen;SYN002;Ce champ peut prendre les valeurs du referentiel identifiant interne des personnes physiques ou morales deja declarés;70900134446;Donnée inexistante dans le référentiel;540670;Erreur;70900134446
idIntBen;SYN002;Ce champ peut prendre les valeurs du referentiel identifiant interne des personnes physiques ou morales deja declarés;10300005552;Donnée inexistante dans le référentiel;540657;Erreur;10300005552
idIntBen;SYN002;Ce champ peut prendre les valeurs du referentiel identifiant interne des personnes physiques ou morales deja declarés;32300347426;Donnée inexistante dans le référentiel;540660;Erreur;32300347426
idIntBen;SYN002;Ce champ peut prendre les valeurs du referentiel identifiant interne des personnes physiques ou morales deja declarés;81100160789;Donnée inexistante dans le référentiel;540705;Erreur;81100160789
idIntBen;SYN002;Ce champ peut prendre les valeurs du referentiel identifiant interne des personnes physiques ou morales deja declarés;80300103011;Donnée inexistante dans le référentiel;540665;Erreur;80300103011
idIntBen;SYN002;Ce champ peut prendre les valeurs du referentiel identifiant interne des personnes physiques ou morales deja declarés;15500276524;Donnée inexistante dans le référentiel;540661;Erreur;15500276524
idIntBen;SYN002;Ce champ peut prendre les valeurs du referentiel identifiant interne des personnes physiques ou morales deja declarés;70100013402;Donnée inexistante dans le référentiel;540658;Erreur;70100013402
idIntBen;SYN002;Ce champ peut prendre les valeurs du referentiel identifiant interne des personnes physiques ou morales deja declarés;33000160930;Donnée inexistante dans le référentiel;540656;Erreur;33000160930
idIntBen;SYN002;Ce champ peut prendre les valeurs du referentiel identifiant interne des personnes physiques ou morales deja declarés;32300346992;Donnée inexistante dans le référentiel;540659;Erreur;32300346992
idIntBen;SYN002;Ce champ peut prendre les valeurs du referentiel identifiant interne des personnes physiques ou morales deja declarés;42000152776;Donnée inexistante dans le référentiel;540668;Erreur;42000152776
idIntBen;SYN002;Ce champ peut prendre les valeurs du referentiel identifiant interne des personnes physiques ou morales deja declarés;10200013903;Donnée inexistante dans le référentiel;540655;Erreur;10200013903
idIntBen;SYN002;Ce champ peut prendre les valeurs du referentiel identifiant interne des personnes physiques ou morales deja declarés;81100006189;Donnée inexistante dans le référentiel;540708;Erreur;81100006189
idIntBen;SYN002;Ce champ peut prendre les valeurs du referentiel identifiant interne des personnes physiques ou morales deja declarés;10300116848;Donnée inexistante dans le référentiel;540654;Erreur;10300116848
idIntBen;SYN002;Ce champ peut prendre les valeurs du referentiel identifiant interne des personnes physiques ou morales deja declarés;32300344350;Donnée inexistante dans le référentiel;540649;Erreur;32300344350
idIntBen;SYN002;Ce champ peut prendre les valeurs du referentiel identifiant interne des personnes physiques ou morales deja declarés;80100014603;Donnée inexistante dans le référentiel;540648;Erreur;80100014603
idIntBen;SYN002;Ce champ peut prendre les valeurs du referentiel identifiant interne des personnes physiques ou morales deja declarés;41900158728;Donnée inexistante dans le référentiel;540667;Erreur;41900158728
idIntBen;SYN002;Ce champ peut prendre les valeurs du referentiel identifiant interne des personnes physiques ou morales deja declarés;81100006190;Donnée inexistante dans le référentiel;540690;Erreur;81100006190
idIntBen;SYN002;Ce champ peut prendre les valeurs du referentiel identifiant interne des personnes physiques ou morales deja declarés;32300234877;Donnée inexistante dans le référentiel;540638;Erreur;32300234877
idIntBen;SYN002;Ce champ peut prendre les valeurs du referentiel identifiant interne des personnes physiques ou morales deja declarés;53400000138;Donnée inexistante dans le référentiel;540647;Erreur;53400000138
idIntBen;SYN002;Ce champ peut prendre les valeurs du referentiel identifiant interne des personnes physiques ou morales deja declarés;32300234863;Donnée inexistante dans le référentiel;540652;Erreur;32300234863
idIntBen;SYN002;Ce champ peut prendre les valeurs du referentiel identifiant interne des personnes physiques ou morales deja declarés;32300234231;Donnée inexistante dans le référentiel;540651;Erreur;32300234231
idIntBen;SYN002;Ce champ peut prendre les valeurs du referentiel identifiant interne des personnes physiques ou morales deja declarés;42000353975;Donnée inexistante dans le référentiel;540621;Erreur;42000353975
idIntBen;SYN002;Ce champ peut prendre les valeurs du referentiel identifiant interne des personnes physiques ou morales deja declarés;42000353199;Donnée inexistante dans le référentiel;540611;Erreur;42000353199
idIntBen;SYN002;Ce champ peut prendre les valeurs du referentiel identifiant interne des personnes physiques ou morales deja declarés;42000353198;Donnée inexistante dans le référentiel;540579;Erreur;42000353198
idIntBen;SYN002;Ce champ peut prendre les valeurs du referentiel identifiant interne des personnes physiques ou morales deja declarés;80300008654;Donnée inexistante dans le référentiel;540650;Erreur;80300008654
idIntBen;SYN002;Ce champ peut prendre les valeurs du referentiel identifiant interne des personnes physiques ou morales deja declarés;42000348188;Donnée inexistante dans le référentiel;540628;Erreur;42000348188
idIntBen;SYN002;Ce champ peut prendre les valeurs du referentiel identifiant interne des personnes physiques ou morales deja declarés;32300234808;Donnée inexistante dans le référentiel;540641;Erreur;32300234808
idIntBen;SYN002;Ce champ peut prendre les valeurs du referentiel identifiant interne des personnes physiques ou morales deja declarés;42400355940;Donnée inexistante dans le référentiel;540646;Erreur;42400355940
idIntBen;SYN002;Ce champ peut prendre les valeurs du referentiel identifiant interne des personnes physiques ou morales deja declarés;32300234837;Donnée inexistante dans le référentiel;540653;Erreur;32300234837
idIntBen;SYN002;Ce champ peut prendre les valeurs du referentiel identifiant interne des personnes physiques ou morales deja declarés;32300347452;Donnée inexistante dans le référentiel;540626;Erreur;32300347452
idIntBen;SYN002;Ce champ peut prendre les valeurs du referentiel identifiant interne des personnes physiques ou morales deja declarés;32300348917;Donnée inexistante dans le référentiel;540634;Erreur;32300348917
idIntBen;SYN002;Ce champ peut prendre les valeurs du referentiel identifiant interne des personnes physiques ou morales deja declarés;20100003048;Donnée inexistante dans le référentiel;540643;Erreur;20100003048
idIntBen;SYN002;Ce champ peut prendre les valeurs du referentiel identifiant interne des personnes physiques ou morales deja declarés;42000353200;Donnée inexistante dans le référentiel;540604;Erreur;42000353200
idIntBen;SYN002;Ce champ peut prendre les valeurs du referentiel identifiant interne des personnes physiques ou morales deja declarés;10200159675;Donnée inexistante dans le référentiel;540627;Erreur;10200159675
idIntBen;SYN002;Ce champ peut prendre les valeurs du referentiel identifiant interne des personnes physiques ou morales deja declarés;52900178419;Donnée inexistante dans le référentiel;540640;Erreur;52900178419
idIntBen;SYN002;Ce champ peut prendre les valeurs du referentiel identifiant interne des personnes physiques ou morales deja declarés;10200019329;Donnée inexistante dans le référentiel;540619;Erreur;10200019329
idIntBen;SYN002;Ce champ peut prendre les valeurs du referentiel identifiant interne des personnes physiques ou morales deja declarés;32300237076;Donnée inexistante dans le référentiel;540632;Erreur;32300237076
idIntBen;SYN002;Ce champ peut prendre les valeurs du referentiel identifiant interne des personnes physiques ou morales deja declarés;52900066185;Donnée inexistante dans le référentiel;540633;Erreur;52900066185
idIntBen;SYN002;Ce champ peut prendre les valeurs du referentiel identifiant interne des personnes physiques ou morales deja declarés;52900353694;Donnée inexistante dans le référentiel;540630;Erreur;52900353694
idIntBen;SYN002;Ce champ peut prendre les valeurs du referentiel identifiant interne des personnes physiques ou morales deja declarés;60400009553;Donnée inexistante dans le référentiel;540629;Erreur;60400009553
idIntBen;SYN002;Ce champ peut prendre les valeurs du referentiel identifiant interne des personnes physiques ou morales deja declarés;32300347468;Donnée inexistante dans le référentiel;540616;Erreur;32300347468
idIntBen;SYN002;Ce champ peut prendre les valeurs du referentiel identifiant interne des personnes physiques ou morales deja declarés;32300348903;Donnée inexistante dans le référentiel;540645;Erreur;32300348903
idIntBen;SYN002;Ce champ peut prendre les valeurs du referentiel identifiant interne des personnes physiques ou morales deja declarés;71300094319;Donnée inexistante dans le référentiel;540639;Erreur;71300094319
idIntBen;SYN002;Ce champ peut prendre les valeurs du referentiel identifiant interne des personnes physiques ou morales deja declarés;32300347481;Donnée inexistante dans le référentiel;540608;Erreur;32300347481
idIntBen;SYN002;Ce champ peut prendre les valeurs du referentiel identifiant interne des personnes physiques ou morales deja declarés;32300347495;Donnée inexistante dans le référentiel;540600;Erreur;32300347495
idIntBen;SYN002;Ce champ peut prendre les valeurs du referentiel identifiant interne des personnes physiques ou morales deja declarés;32300235705;Donnée inexistante dans le référentiel;540642;Erreur;32300235705
idIntBen;SYN002;Ce champ peut prendre les valeurs du referentiel identifiant interne des personnes physiques ou morales deja declarés;10200016923;Donnée inexistante dans le référentiel;540615;Erreur;10200016923
idIntBen;SYN002;Ce champ peut prendre les valeurs du referentiel identifiant interne des personnes physiques ou morales deja declarés;32300348962;Donnée inexistante dans le référentiel;540607;Erreur;32300348962
idIntBen;SYN002;Ce champ peut prendre les valeurs du referentiel identifiant interne des personnes physiques ou morales deja declarés;42400355565;Donnée inexistante dans le référentiel;540609;Erreur;42400355565
idIntBen;SYN002;Ce champ peut prendre les valeurs du referentiel identifiant interne des personnes physiques ou morales deja declarés;20100003048;Donnée inexistante dans le référentiel;540606;Erreur;20100003048
idIntBen;SYN002;Ce champ peut prendre les valeurs du referentiel identifiant interne des personnes physiques ou morales deja declarés;42400355836;Donnée inexistante dans le référentiel;540614;Erreur;42400355836
idIntBen;SYN002;Ce champ peut prendre les valeurs du referentiel identifiant interne des personnes physiques ou morales deja declarés;10200187990;Donnée inexistante dans le référentiel;540602;Erreur;10200187990
idIntBen;SYN002;Ce champ peut prendre les valeurs du referentiel identifiant interne des personnes physiques ou morales deja declarés;15500018500;Donnée inexistante dans le référentiel;540601;Erreur;15500018500
idIntBen;SYN002;Ce champ peut prendre les valeurs du referentiel identifiant interne des personnes physiques ou morales deja declarés;10200013562;Donnée inexistante dans le référentiel;540636;Erreur;10200013562
idIntBen;SYN002;Ce champ peut prendre les valeurs du referentiel identifiant interne des personnes physiques ou morales deja declarés;55800148338;Donnée inexistante dans le référentiel;540613;Erreur;55800148338
idIntBen;SYN002;Ce champ peut prendre les valeurs du referentiel identifiant interne des personnes physiques ou morales deja declarés;80100014860;Donnée inexistante dans le référentiel;540644;Erreur;80100014860
idIntBen;SYN002;Ce champ peut prendre les valeurs du referentiel identifiant interne des personnes physiques ou morales deja declarés;91600130802;Donnée inexistante dans le référentiel;540598;Erreur;91600130802
idIntBen;SYN002;Ce champ peut prendre les valeurs du referentiel identifiant interne des personnes physiques ou morales deja declarés;51300011208;Donnée inexistante dans le référentiel;540596;Erreur;51300011208
idIntBen;SYN002;Ce champ peut prendre les valeurs du referentiel identifiant interne des personnes physiques ou morales deja declarés;80300025734;Donnée inexistante dans le référentiel;540612;Erreur;80300025734
idIntBen;SYN002;Ce champ peut prendre les valeurs du referentiel identifiant interne des personnes physiques ou morales deja declarés;20100200978;Donnée inexistante dans le référentiel;540610;Erreur;20100200978
idIntBen;SYN002;Ce champ peut prendre les valeurs du referentiel identifiant interne des personnes physiques ou morales deja declarés;80300292331;Donnée inexistante dans le référentiel;540592;Erreur;80300292331
idIntBen;SYN002;Ce champ peut prendre les valeurs du referentiel identifiant interne des personnes physiques ou morales deja declarés;42400006160;Donnée inexistante dans le référentiel;540605;Erreur;42400006160
idIntBen;SYN002;Ce champ peut prendre les valeurs du referentiel identifiant interne des personnes physiques ou morales deja declarés;20100002871;Donnée inexistante dans le référentiel;540599;Erreur;20100002871
