"actif";"code";"nom";"participant";"libelle"
"false";"190";"BCRG";"GN/001";"Ag Conakry"
"false";"191";"BCRG";"GN/001";"Agence De Kankan"
"false";"192";"BCRG";"GN/001";"Agence De Labe"
"false";"193";"BCRG";"GN/001";"Agence De Boke"
"false";"194";"BCRG";"GN/001";"Agence De N'zerekore"
"false";"195";"BCRG";"GN/001";"Agence De Mamou"
"false";"196";"BCRG";"GN/001";"Agence De Kindia"
"false";"248";"VISTA GUI";"GN/002";"Agence De Kipe"
"false";"253";"VISTA GUI";"GN/002";"Agence De Yattaya"
"false";"295";"VISTA GUI";"GN/002";"Bicigui Coyah"
"false";"296";"VISTA GUI";"GN/002";"Agence De Koundara"
"false";"300";"VISTA GUI";"GN/002";"Bicigui Dabola"
"false";"306";"VISTA GUI";"GN/002";"Bicigui Siguiri"
"false";"322";"VISTA GUI";"GN/002";"Agence De Matoto"
"false";"323";"VISTA GUI";"GN/002";"Agence De Beyla"
"false";"329";"VISTA GUI";"GN/002";"Agence De Diecke"
"false";"348";"VISTA GUI";"GN/002";"Agence De Lambanyi"
"false";"354";"VISTA GUI";"GN/002";"Bicigui Agence Prestige"
"false";"355";"VISTA GUI";"GN/002";"Bicigui Espace Professionnel"
"false";"356";"VISTA GUI";"GN/002";"Bicigui Sandervalia"
"false";"361";"VISTA GUI";"GN/002";"Bicigui Kagbelen"
"false";"546";"VISTA GUI";"GN/002";"Agence De Faranah"
"false";"788";"VISTA GUI";"GN/002";"Agence De Kindia"
"false";"842";"VISTA GUI";"GN/002";"Ag République Conakry"
"false";"843";"VISTA GUI";"GN/002";"Agence Conakry Niger"
"false";"844";"VISTA GUI";"GN/002";"Agence Conakry Madina"
"false";"846";"VISTA GUI";"GN/002";"Agence De Fria"
"false";"847";"VISTA GUI";"GN/002";"Agence De Labe"
"false";"848";"VISTA GUI";"GN/002";"Agence De Kamsar"
"false";"849";"VISTA GUI";"GN/002";"Agence De Boke"
"false";"850";"VISTA GUI";"GN/002";"Agence De Kankan"
"false";"851";"VISTA GUI";"GN/002";"Agence De N'zerekore"
"false";"852";"VISTA GUI";"GN/002";"Agence De Kissidougou"
"false";"853";"VISTA GUI";"GN/002";"Agence De Macenta"
"false";"854";"VISTA GUI";"GN/002";"Agence De Sangaredi"
"false";"855";"VISTA GUI";"GN/002";"Agence De Mamou"
"false";"856";"VISTA GUI";"GN/002";"Agence De Dixinn-Gare"
"false";"893";"VISTA GUI";"GN/002";"Agence De Forecariah"
"true";"001";"SGG";"GN/003";"Cite Chemin De Fer"
"true";"002";"SGG";"GN/003";"Kamsar"
"true";"003";"SGG";"GN/003";"Siguiri"
"true";"004";"SGG";"GN/003";"Labe"
"true";"005";"SGG";"GN/003";"Sangaredi"
"true";"006";"SGG";"GN/003";"Coleah"
"true";"007";"SGG";"GN/003";"La République"
"true";"008";"SGG";"GN/003";"Mamou"
"true";"009";"SGG";"GN/003";"Zerekore"
"true";"010";"SGG";"GN/003";"Hamdallaye"
"true";"011";"SGG";"GN/003";"Enco5"
"true";"012";"SGG";"GN/003";"Madina"
"true";"013";"SGG";"GN/003";"Dabola"
"true";"014";"SGG";"GN/003";"Kissosso"
"true";"015";"SGG";"GN/003";"Agence 015"
"false";"016";"SGG";"GN/003";"Agence 016"
"true";"017";"SGG";"GN/003";"Telemele"
"true";"018";"SGG";"GN/003";"Agence 018"
"true";"019";"SGG";"GN/003";"Kintinian"
"true";"020";"SGG";"GN/003";"Kouroussa"
"true";"021";"SGG";"GN/003";"Agence 021"
"true";"022";"SGG";"GN/003";"Moneypop"
"true";"023";"SGG";"GN/003";"Lambanyi"
"true";"024";"SGG";"GN/003";"Dapilon"
"true";"025";"SGG";"GN/003";"Tinguilinta"
"false";"000";"BIG";"GN/004";"Agence Siége"
"false";"002";"BIG";"GN/004";"Constantin"
"false";"003";"BIG";"GN/004";"Coleah"
"false";"004";"BIG";"GN/004";"Lambanyi"
"false";"005";"BIG";"GN/004";"Cimenterie"
"false";"006";"BIG";"GN/004";"Madina"
"false";"007";"BIG";"GN/004";"Mamou"
"false";"008";"BIG";"GN/004";"Kindia"
"false";"009";"BIG";"GN/004";"Labe"
"false";"001";"ORABANK";"GN/005";"Agence Principale Kaloum"
"false";"002";"ORABANK";"GN/005";"Agence Madina"
"false";"003";"ORABANK";"GN/005";"Agence Fria"
"false";"004";"ORABANK";"GN/005";"Agence N'zerekore"
"false";"005";"ORABANK";"GN/005";"Agence Kamsar"
"false";"006";"ORABANK";"GN/005";"Agence Miniere"
"false";"007";"ORABANK";"GN/005";"Agence Matoto"
"false";"008";"ORABANK";"GN/005";"Agence Lambanyi"
"false";"009";"ORABANK";"GN/005";"Agence Labe"
"false";"010";"ORABANK";"GN/005";"Agence Sonfonia"
"false";"011";"ORABANK";"GN/005";"Agence Kagbelen"
"false";"012";"ORABANK";"GN/005";"Agence Kankan"
"false";"013";"ORABANK";"GN/005";"Agence Kipe"
"false";"014";"ORABANK";"GN/005";"Agence Lero"
"false";"015";"ORABANK";"GN/005";"Agence Coleyah"
"false";"016";"ORABANK";"GN/005";"Agence Siguiri"
"false";"001";"BPMG";"GN/006";"Service Centraux"
"false";"011";"BPMG";"GN/006";"Agence De Test"
"false";"012";"BPMG";"GN/006";"Madina"
"false";"013";"BPMG";"GN/006";"Reste"
"false";"014";"BPMG";"GN/006";"Taouyah"
"false";"015";"BPMG";"GN/006";"Yimbaya"
"false";"016";"BPMG";"GN/006";"Constantin"
"false";"021";"BPMG";"GN/006";"Kindia"
"false";"041";"BPMG";"GN/006";"Nzerekore"
"false";"001";"FBNBANK";"GN/008";"Agence Principale"
"false";"002";"FBNBANK";"GN/008";"Agence Madina"
"false";"003";"FBNBANK";"GN/008";"Agence Matoto"
"false";"004";"FBNBANK";"GN/008";"Agence Taouyah"
"false";"005";"FBNBANK";"GN/008";"Cash Point Madina"
"false";"006";"FBNBANK";"GN/008";"Kankan Agence"
"false";"007";"FBNBANK";"GN/008";"Agence Koulewondy"
"false";"301";"FBNBANK";"GN/008";"Agence 301"
"false";"302";"FBNBANK";"GN/008";"Agence 302"
"false";"303";"FBNBANK";"GN/008";"Agence 303"
"false";"304";"FBNBANK";"GN/008";"Agence 304"
"false";"305";"FBNBANK";"GN/008";"Agence 305"
"false";"306";"FBNBANK";"GN/008";"Agence 306"
"false";"307";"FBNBANK";"GN/008";"Agence 307"
"false";"001";"ECOBANK";"GN/010";"Agence Principale"
"false";"002";"ECOBANK";"GN/010";"Fria"
"false";"003";"ECOBANK";"GN/010";"Madina"
"false";"004";"ECOBANK";"GN/010";"Belle Vue"
"false";"005";"ECOBANK";"GN/010";"Nzerekore"
"false";"006";"ECOBANK";"GN/010";"Hamdalaye"
"false";"007";"ECOBANK";"GN/010";"Matoto"
"false";"008";"ECOBANK";"GN/010";"Manquepas"
"false";"009";"ECOBANK";"GN/010";"Bonfi"
"false";"010";"ECOBANK";"GN/010";"Kipe"
"false";"011";"ECOBANK";"GN/010";"Labe"
"false";"012";"ECOBANK";"GN/010";"Sangaredi"
"false";"013";"ECOBANK";"GN/010";"Kamsar"
"false";"014";"ECOBANK";"GN/010";"Guekedou"
"false";"015";"ECOBANK";"GN/010";"Lero"
"false";"016";"ECOBANK";"GN/010";"Kankan"
"false";"017";"ECOBANK";"GN/010";"Siguiri"
"false";"018";"ECOBANK";"GN/010";"Forecariah"
"false";"019";"ECOBANK";"GN/010";"Dieke"
"false";"021";"ECOBANK";"GN/010";"Agence 021"
"false";"001";"VISTA BANK";"GN/011";"Fib-Test001"
"false";"100";"VISTA BANK";"GN/011";"Le Siege Cite Chemin De Fer"
"false";"101";"VISTA BANK";"GN/011";"Agence Madina"
"false";"102";"VISTA BANK";"GN/011";"Agence Labe"
"false";"103";"VISTA BANK";"GN/011";"Agence Siguiri"
"false";"104";"VISTA BANK";"GN/011";"Agence Nzerekore"
"false";"105";"VISTA BANK";"GN/011";"Agence Kissidougou"
"false";"106";"VISTA BANK";"GN/011";"Agence Pita"
"false";"107";"VISTA BANK";"GN/011";"Agence Manquepas"
"false";"108";"VISTA BANK";"GN/011";"Agence Koundara"
"false";"109";"VISTA BANK";"GN/011";"Agence Kankan"
"false";"002";"SKYE BANK";"GN/012";"Skye-Test002"
"false";"100";"SKYE BANK";"GN/012";"Agence Siege"
"false";"101";"SKYE BANK";"GN/012";"Kaloum"
"false";"102";"SKYE BANK";"GN/012";"Madina"
"false";"001";"BSIC";"GN/013";"Agence Principale"
"false";"002";"BSIC";"GN/013";"Madina"
"false";"003";"BSIC";"GN/013";"Hamdallaye"
"false";"004";"BSIC";"GN/013";"Matoto"
"false";"005";"BSIC";"GN/013";"Forecariah"
"false";"006";"BSIC";"GN/013";"Labe"
"false";"007";"BSIC";"GN/013";"Kagbelen"
"false";"008";"BSIC";"GN/013";"N'zerekore"
"false";"009";"BSIC";"GN/013";"Kankan"
"false";"010";"BSIC";"GN/013";"Siguiri"
"false";"011";"BSIC";"GN/013";"Bambeto"
"false";"012";"BSIC";"GN/013";"Lambanyi"
"false";"013";"BSIC";"GN/013";"Mandiana"
"false";"001";"UBA";"GN/015";"Kaloum"
"false";"002";"UBA";"GN/015";"Madina"
"false";"003";"UBA";"GN/015";"Agence Matoto"
"false";"004";"UBA";"GN/015";"Agence Kagbelen"
"false";"005";"UBA";"GN/015";"Agence Kipe"
"false";"006";"UBA";"GN/015";"Agence Labe"
"false";"099";"UBA";"GN/015";"Agence Siege"
"false";"001";"NSIA";"GN/017";"Siege Biao-Guinee"
"false";"002";"NSIA";"GN/017";"Avenue De La République"
"false";"003";"NSIA";"GN/017";"Agence MADINA"
"false";"004";"NSIA";"GN/017";"Agence Cite Chemin De Fer"
"false";"005";"NSIA";"GN/017";"Agence 005"
"false";"006";"NSIA";"GN/017";"Agence 006"
"false";"007";"NSIA";"GN/017";"Agence 007"
"false";"008";"NSIA";"GN/017";"Agence 008"
"false";"001";"BCI";"GN/019";"Agence Siege"
"false";"002";"BCI";"GN/019";"Madina"
"false";"003";"BCI";"GN/019";"Kagbelen"
"false";"004";"BCI";"GN/019";"Agence De Labe"
"false";"005";"BCI";"GN/019";"Agence 005"
"false";"006";"BCI";"GN/019";"Agence De Siguiri"
"false";"007";"BCI";"GN/019";"Agence Kamsar"
"false";"999";"BCI";"GN/019";"Agence Centrale"
"false";"001";"AFB";"GN/021";"Kaloum"
"false";"002";"AFB";"GN/021";"Madina"
"false";"003";"AFB";"GN/021";"Agence De Kankan"
"false";"004";"AFB";"GN/021";"Agence De Labe"
"false";"005";"AFB";"GN/021";"Agence De Constantin"
"false";"006";"AFB";"GN/021";"Agence De Kagbelen"
"false";"007";"AFB";"GN/021";"Agence De Kindia"
"false";"008";"AFB";"GN/021";"Agence De Siguiri"
"false";"009";"AFB";"GN/021";"Agence De Nzerekore"
"false";"001";"BNG";"GN/022";"Agence Kaloum"
"false";"002";"BNG";"GN/022";"Agence Madina"
"false";"001";"CRG-SA";"GN/101";"COYAH"
"false";"002";"CRG-SA";"GN/101";"MANEAH"
"false";"003";"CRG-SA";"GN/101";"MAFERINYAH"
"false";"004";"CRG-SA";"GN/101";"DUBREKA"
"false";"005";"CRG-SA";"GN/101";"KALOUM"
"false";"006";"CRG-SA";"GN/101";"MATOTO"
"false";"007";"CRG-SA";"GN/101";"ENTA"
"false";"008";"CRG-SA";"GN/101";"TAOUYAH"
"false";"009";"CRG-SA";"GN/101";"MADINA"
"false";"010";"CRG-SA";"GN/101";"SONFONIA"
"false";"011";"CRG-SA";"GN/101";"LAMBANYI"
"false";"012";"CRG-SA";"GN/101";"FORECAIAH"
"false";"013";"CRG-SA";"GN/101";"BENTY"
"false";"014";"CRG-SA";"GN/101";"FARMORYAH"
"false";"015";"CRG-SA";"GN/101";"MOUSSAYAH"
"false";"016";"CRG-SA";"GN/101";"SIKHOUROU"
"false";"017";"CRG-SA";"GN/101";"KINDIA"
"false";"018";"CRG-SA";"GN/101";"FRIGUIAGBE"
"false";"019";"CRG-SA";"GN/101";"MAMBIA"
"false";"020";"CRG-SA";"GN/101";"BANGOUYAH"
"false";"021";"CRG-SA";"GN/101";"MADINA OULA"
"false";"022";"CRG-SA";"GN/101";"MISSIRA"
"false";"023";"CRG-SA";"GN/101";"WENDOU MBOUR"
"false";"024";"CRG-SA";"GN/101";"SANGAREDI"
"false";"025";"CRG-SA";"GN/101";"BOFFA"
"false";"026";"CRG-SA";"GN/101";"DOUPROU"
"false";"027";"CRG-SA";"GN/101";"KOLIA"
"false";"028";"CRG-SA";"GN/101";"KOUKOUDE"
"false";"029";"CRG-SA";"GN/101";"TOUGNIFILY"
"false";"030";"CRG-SA";"GN/101";"BINTIMODIA"
"false";"031";"CRG-SA";"GN/101";"BOKE"
"false";"032";"CRG-SA";"GN/101";"KOLABOUI"
"false";"033";"CRG-SA";"GN/101";"KAMSAR"
"false";"034";"CRG-SA";"GN/101";"MANKOUNTAN"
"false";"035";"CRG-SA";"GN/101";"TANENE"
"false";"036";"CRG-SA";"GN/101";"KOBA"
"false";"037";"CRG-SA";"GN/101";"FRIA"
"false";"038";"CRG-SA";"GN/101";"TELIMELE"
"false";"039";"CRG-SA";"GN/101";"TARIHOYE"
"false";"040";"CRG-SA";"GN/101";"SANGAREYAH"
"false";"041";"CRG-SA";"GN/101";"SINTA"
"false";"042";"CRG-SA";"GN/101";"LEYMIRO"
"false";"043";"CRG-SA";"GN/101";"LABE"
"false";"044";"CRG-SA";"GN/101";"SANNOU"
"false";"045";"CRG-SA";"GN/101";"KOURAMANGUI"
"false";"046";"CRG-SA";"GN/101";"LELOUMA"
"false";"047";"CRG-SA";"GN/101";"DIOUNTOU"
"false";"048";"CRG-SA";"GN/101";"MALI"
"false";"049";"CRG-SA";"GN/101";"YIMBERING"
"false";"050";"CRG-SA";"GN/101";"POPODARA"
"false";"051";"CRG-SA";"GN/101";"T BORI"
"false";"052";"CRG-SA";"GN/101";"PITA"
"false";"053";"CRG-SA";"GN/101";"TIMBI-TOUNNI"
"false";"054";"CRG-SA";"GN/101";"DONGHOL TOUMA"
"false";"055";"CRG-SA";"GN/101";"TIMBI-MADINA"
"false";"056";"CRG-SA";"GN/101";"TOUGUE"
"false";"057";"CRG-SA";"GN/101";"KOUBIA"
"false";"058";"CRG-SA";"GN/101";"KONAH"
"false";"059";"CRG-SA";"GN/101";"KOIN"
"false";"060";"CRG-SA";"GN/101";"KANAKALABE"
"false";"061";"CRG-SA";"GN/101";"GAOUAL"
"false";"062";"CRG-SA";"GN/101";"KAKONI"
"false";"063";"CRG-SA";"GN/101";"KOUMBIA"
"false";"064";"CRG-SA";"GN/101";"TOUBA"
"false";"065";"CRG-SA";"GN/101";"KOUNDARA"
"false";"066";"CRG-SA";"GN/101";"SAREBOIDO"
"false";"067";"CRG-SA";"GN/101";"TERMESSE"
"false";"068";"CRG-SA";"GN/101";"dounet"
"false";"069";"CRG-SA";"GN/101";"mamou"
"false";"070";"CRG-SA";"GN/101";"linsan"
"false";"071";"CRG-SA";"GN/101";"ourekaba"
"false";"072";"CRG-SA";"GN/101";"saramoussaya"
"false";"073";"CRG-SA";"GN/101";"DALABA"
"false";"074";"CRG-SA";"GN/101";"DITINN"
"false";"075";"CRG-SA";"GN/101";"POREDAKA"
"false";"076";"CRG-SA";"GN/101";"GONGORE"
"false";"077";"CRG-SA";"GN/101";"KANKAN"
"false";"078";"CRG-SA";"GN/101";"MORIBAYA"
"false";"079";"CRG-SA";"GN/101";"MISSAMANA"
"false";"080";"CRG-SA";"GN/101";"BATE-NAFADJI"
"false";"081";"CRG-SA";"GN/101";"TINTIOULEN"
"false";"082";"CRG-SA";"GN/101";"MANDIANA"
"false";"083";"CRG-SA";"GN/101";"S/BARANAMA"
"false";"084";"CRG-SA";"GN/101";"OUROLA"
"false";"085";"CRG-SA";"GN/101";"MORODOU"
"false";"086";"CRG-SA";"GN/101";"KANTOUMANINA"
"false";"087";"CRG-SA";"GN/101";"NIANTANINA"
"false";"088";"CRG-SA";"GN/101";"KIIERAN"
"false";"089";"CRG-SA";"GN/101";"DIALAKORO"
"false";"090";"CRG-SA";"GN/101";"BALANDOUGOUBA"
"false";"091";"CRG-SA";"GN/101";"KOUNDIAN"
"false";"092";"CRG-SA";"GN/101";"KONDIANAKORO"
"false";"093";"CRG-SA";"GN/101";"LOILA"
"false";"094";"CRG-SA";"GN/101";"Kouroussa"
"false";"095";"CRG-SA";"GN/101";"Koumana"
"false";"096";"CRG-SA";"GN/101";"Kignero"
"false";"097";"CRG-SA";"GN/101";"Banfele"
"false";"098";"CRG-SA";"GN/101";"Saraya"
"false";"099";"CRG-SA";"GN/101";"Kaboukaria"
"false";"100";"CRG-SA";"GN/101";"Komola"
"false";"101";"CRG-SA";"GN/101";"KEROUANE"
"false";"102";"CRG-SA";"GN/101";"BANANKORO"
"false";"103";"CRG-SA";"GN/101";"DAMARO"
"false";"104";"CRG-SA";"GN/101";"KOMOUDOU"
"false";"105";"CRG-SA";"GN/101";"SIGUIRI"
"false";"106";"CRG-SA";"GN/101";"DOKO"
"false";"107";"CRG-SA";"GN/101";"KOUREMALE"
"false";"108";"CRG-SA";"GN/101";"NIANDANKÖRÖ"
"false";"109";"CRG-SA";"GN/101";"NORASSOBA"
"false";"110";"CRG-SA";"GN/101";"NOUNKOUNKAN"
"false";"111";"CRG-SA";"GN/101";"MALEAH"
"false";"112";"CRG-SA";"GN/101";"SIGUIRINI"
"false";"113";"CRG-SA";"GN/101";"FRANWALIAH"
"false";"114";"CRG-SA";"GN/101";"KINTINIAN"
"false";"115";"CRG-SA";"GN/101";"FARANAH"
"false";"116";"CRG-SA";"GN/101";"MARELLA"
"false";"117";"CRG-SA";"GN/101";"SANDENIA"
"false";"118";"CRG-SA";"GN/101";"TIRO"
"false";"119";"CRG-SA";"GN/101";"BANIAN"
"false";"120";"CRG-SA";"GN/101";"KOBIKORO"
"false";"121";"CRG-SA";"GN/101";"HEREMAKONO"
"false";"122";"CRG-SA";"GN/101";"SONGOYAH"
"false";"123";"CRG-SA";"GN/101";"KISSIDOUGOU"
"false";"124";"CRG-SA";"GN/101";"SANGARDO"
"false";"125";"CRG-SA";"GN/101";"ALBADARIAH"
"false";"126";"CRG-SA";"GN/101";"KONDIADOU"
"false";"127";"CRG-SA";"GN/101";"DANDOU"
"false";"128";"CRG-SA";"GN/101";"BARDOU"
"false";"129";"CRG-SA";"GN/101";"FERMESSADOU"
"false";"130";"CRG-SA";"GN/101";"KASSADOU"
"false";"131";"CRG-SA";"GN/101";"YENDE"
"false";"132";"CRG-SA";"GN/101";"YOMBIRO"
"false";"133";"CRG-SA";"GN/101";"TOKOUNOU"
"false";"134";"CRG-SA";"GN/101";"ARFAMOUSSAYA"
"false";"135";"CRG-SA";"GN/101";"BANKO"
"false";"136";"CRG-SA";"GN/101";"BISSIKIRIMA"
"false";"137";"CRG-SA";"GN/101";"DABOLA"
"false";"138";"CRG-SA";"GN/101";"DOGOMET"
"false";"139";"CRG-SA";"GN/101";"DINGUIRAYE ET MBONET"
"false";"140";"CRG-SA";"GN/101";"DIALAKORO"
"false";"141";"CRG-SA";"GN/101";"KALINKO"
"false";"142";"CRG-SA";"GN/101";"BEYLA"
"false";"143";"CRG-SA";"GN/101";"MORIBADOU"
"false";"144";"CRG-SA";"GN/101";"BOOLA"
"false";"145";"CRG-SA";"GN/101";"SINKO"
"false";"146";"CRG-SA";"GN/101";"FOUALAH"
"false";"147";"CRG-SA";"GN/101";"GBESSOBA"
"false";"148";"CRG-SA";"GN/101";"GBACKEDOU"
"false";"149";"CRG-SA";"GN/101";"YOMOU"
"false";"150";"CRG-SA";"GN/101";"PELA"
"false";"151";"CRG-SA";"GN/101";"DIECKE"
"false";"152";"CRG-SA";"GN/101";"BIGNAMOU"
"false";"153";"CRG-SA";"GN/101";"BOWE"
"false";"154";"CRG-SA";"GN/101";"LOLA"
"false";"155";"CRG-SA";"GN/101";"GAMABEREMA"
"false";"156";"CRG-SA";"GN/101";"LAINE"
"false";"157";"CRG-SA";"GN/101";"TOUNKARATA"
"false";"158";"CRG-SA";"GN/101";"KOKOTA"
"false";"159";"CRG-SA";"GN/101";"NZOO"
"false";"160";"CRG-SA";"GN/101";"N'Zérékoré 1"
"false";"161";"CRG-SA";"GN/101";"N'Zérékoré 2"
"false";"162";"CRG-SA";"GN/101";"Gouécké"
"false";"163";"CRG-SA";"GN/101";"Koulé"
"false";"164";"CRG-SA";"GN/101";"Samoé"
"false";"165";"CRG-SA";"GN/101";"Soulouta"
"false";"166";"CRG-SA";"GN/101";"Kobéla"
"false";"167";"CRG-SA";"GN/101";"Palé"
"false";"168";"CRG-SA";"GN/101";"GUECKEDOU"
"false";"169";"CRG-SA";"GN/101";"GUENDEMDOU"
"false";"170";"CRG-SA";"GN/101";"KOUNDOU"
"false";"171";"CRG-SA";"GN/101";"NOGOA"
"false";"172";"CRG-SA";"GN/101";"TEMESSADOU"
"false";"173";"CRG-SA";"GN/101";"OUENDE KENE"
"false";"174";"CRG-SA";"GN/101";"MACENTA"
"false";"175";"CRG-SA";"GN/101";"BOFOSSOU"
"false";"176";"CRG-SA";"GN/101";"BINIKALA"
"false";"177";"CRG-SA";"GN/101";"DARO"
"false";"178";"CRG-SA";"GN/101";"PANZIAZOU"
"false";"179";"CRG-SA";"GN/101";"SEREDOU"
"false";"180";"CRG-SA";"GN/101";"KOUANKAN"
"false";"181";"CRG-SA";"GN/101";"KOYAMAH"
"false";"182";"CRG-SA";"GN/101";"FASSANKONY"
"false";"001";"MON CRÉDIT GUINÉE SA";"GN/102";"Matoto"
"false";"001";"MGE";"GN/103";"Kankan"
"false";"002";"MGE";"GN/103";"Kissidougou"
"false";"003";"MGE";"GN/103";"Siguiri"
"false";"001";"CPECG-YETE MALI";"GN/104";"Kipé Kaporo"
"false";"002";"CPECG-YETE MALI";"GN/104";"Taouyah"
"false";"003";"CPECG-YETE MALI";"GN/104";"Kaloum"
"false";"004";"CPECG-YETE MALI";"GN/104";"Mamou"
"false";"005";"CPECG-YETE MALI";"GN/104";"Labé"
"false";"006";"CPECG-YETE MALI";"GN/104";"Kankan"
"false";"007";"CPECG-YETE MALI";"GN/104";"Siguiri"
"false";"008";"CPECG-YETE MALI";"GN/104";"Mandiana"
"false";"009";"CPECG-YETE MALI";"GN/104";"Kissidougou"
"false";"010";"CPECG-YETE MALI";"GN/104";"N'zérékoré"
"false";"011";"CPECG-YETE MALI";"GN/104";"Maferinyah"
"false";"012";"CPECG-YETE MALI";"GN/104";"Kolaboui"
"false";"013";"CPECG-YETE MALI";"GN/104";"Sangarédi"
"false";"014";"CPECG-YETE MALI";"GN/104";"Kamsar"
"false";"015";"CPECG-YETE MALI";"GN/104";"Dubréka"
"false";"016";"CPECG-YETE MALI";"GN/104";"KM 36"
"false";"017";"CPECG-YETE MALI";"GN/104";"Forécariah"
"false";"018";"CPECG-YETE MALI";"GN/104";"Coyah"
"false";"019";"CPECG-YETE MALI";"GN/104";"Kindia"
"false";"020";"CPECG-YETE MALI";"GN/104";"Mafanco"
"false";"021";"CPECG-YETE MALI";"GN/104";"Matam"
"false";"022";"CPECG-YETE MALI";"GN/104";"Dixinn"
"false";"023";"CPECG-YETE MALI";"GN/104";"Hamdallaye"
"false";"024";"CPECG-YETE MALI";"GN/104";"Simbayah"
"false";"025";"CPECG-YETE MALI";"GN/104";"Lambanyi"
"false";"026";"CPECG-YETE MALI";"GN/104";"Gbessia"
"false";"027";"CPECG-YETE MALI";"GN/104";"Yimbayah"
"false";"028";"CPECG-YETE MALI";"GN/104";"Matoto"
"false";"029";"CPECG-YETE MALI";"GN/104";"Sangoyah"
"false";"030";"CPECG-YETE MALI";"GN/104";"Enta"
"false";"031";"CPECG-YETE MALI";"GN/104";"Sonfoniah"
"false";"032";"CPECG-YETE MALI";"GN/104";"Kagbelen"
"false";"001";"3AE";"GN/105";"Kamsar"
"false";"002";"3AE";"GN/105";"Kankan"
"false";"003";"3AE";"GN/105";"Kissidougou"
"false";"004";"3AE";"GN/105";"N'zérékoré"
"false";"001";"SABOU";"GN/106";"Enco 5"
"false";"002";"SABOU";"GN/106";"Cosa"
"false";"003";"SABOU";"GN/106";"Enta"
"false";"004";"SABOU";"GN/106";"KM 36"
"false";"001";"FINADEV SA";"GN/107";"Coleah"
"false";"002";"FINADEV SA";"GN/107";"Madina"
"false";"003";"FINADEV SA";"GN/107";"Belle-vue"
"false";"004";"FINADEV SA";"GN/107";"Yimbayah"
"false";"005";"FINADEV SA";"GN/107";"Matoto"
"false";"006";"FINADEV SA";"GN/107";"Nongo"
"false";"007";"FINADEV SA";"GN/107";"Sonfonia"
"false";"008";"FINADEV SA";"GN/107";"Kindia"
"false";"009";"FINADEV SA";"GN/107";"Mamou"
"false";"010";"FINADEV SA";"GN/107";"Dalaba"
"false";"011";"FINADEV SA";"GN/107";"Pita"
"false";"012";"FINADEV SA";"GN/107";"Timbi Madina"
"false";"013";"FINADEV SA";"GN/107";"Labé"
"false";"014";"FINADEV SA";"GN/107";"Dabola"
"false";"015";"FINADEV SA";"GN/107";"Kouroussa"
"false";"016";"FINADEV SA";"GN/107";"Kankan"
"false";"017";"FINADEV SA";"GN/107";"Siguiri"
"false";"018";"FINADEV SA";"GN/107";"Faranah"
"false";"019";"FINADEV SA";"GN/107";"Kissidougou"
"false";"020";"FINADEV SA";"GN/107";"Guekedou"
"false";"021";"FINADEV SA";"GN/107";"Macenta"
"false";"022";"FINADEV SA";"GN/107";"Lola"
"false";"023";"FINADEV SA";"GN/107";"N'zérékoré"
"false";"001";"MUFFA ET MC2";"GN/108";"MC2 FELLAH"
"false";"002";"MUFFA ET MC2";"GN/108";"MUFFA COLEAH"
"false";"003";"MUFFA ET MC2";"GN/108";"MUFFA COMMUNE DE RATOMA"
"false";"004";"MUFFA ET MC2";"GN/108";"MUFFA COMMUNE DE MATOTO"
"false";"005";"MUFFA ET MC2";"GN/108";"MUFFA COMMUNE DE DIXINN"
"false";"006";"MUFFA ET MC2";"GN/108";"MUFFA FORECARIAH"
"false";"007";"MUFFA ET MC2";"GN/108";"MC2 BATE SOILA"
"false";"008";"MUFFA ET MC2";"GN/108";"MUFFA COMMUNE DE KALOUM"
"false";"009";"MUFFA ET MC2";"GN/108";"MUFFA COMMUNE DE FARANAH"
"false";"010";"MUFFA ET MC2";"GN/108";"MUFFA MACENTA"
"false";"011";"MUFFA ET MC2";"GN/108";"MC2 COMMUNE DE DUBREKA"
"false";"012";"MUFFA ET MC2";"GN/108";"MUFFA LABE"
"false";"013";"MUFFA ET MC2";"GN/108";"MC2 LABE"
"false";"014";"MUFFA ET MC2";"GN/108";"MUFFA PREFECTURE DE DINGUIRAYE"
"false";"015";"MUFFA ET MC2";"GN/108";"MC2 DE BARO"
"false";"016";"MUFFA ET MC2";"GN/108";"MC2 TIMBI MADINA"
"false";"017";"MUFFA ET MC2";"GN/108";"MUFFA NABAYA KANKAN"
"false";"018";"MUFFA ET MC2";"GN/108";"MUFFA DALABA"
"false";"019";"MUFFA ET MC2";"GN/108";"MC2 MACENTA"
"false";"020";"MUFFA ET MC2";"GN/108";"MUFFA COMMUNE DE YOMOU"
"false";"021";"MUFFA ET MC2";"GN/108";"MC2 YOMOU"
"false";"022";"MUFFA ET MC2";"GN/108";"MUFFA KAMSAR"
"false";"023";"MUFFA ET MC2";"GN/108";"MUFFA COMMUNE DE DUBREKA"
"false";"024";"MUFFA ET MC2";"GN/108";"MC2 SOUS PREFECTURE DE MANEAH"
"false";"025";"MUFFA ET MC2";"GN/108";"MUFFA GUECKEDOU"
"false";"026";"MUFFA ET MC2";"GN/108";"MC2 GUECKEDOU"
"false";"027";"MUFFA ET MC2";"GN/108";"MC2 FORECARIAH"
"false";"028";"MUFFA ET MC2";"GN/108";"MC2 KOUNDARA"
"false";"029";"MUFFA ET MC2";"GN/108";"MUFFA KOUROUSSA"
"false";"030";"MUFFA ET MC2";"GN/108";"MC2 KIMAMBOUROU"
"false";"031";"MUFFA ET MC2";"GN/108";"MUFFA KISSIDOUGOU"
"false";"032";"MUFFA ET MC2";"GN/108";"MUFFA COMMUNE DE N'ZEREKORE"
"false";"033";"MUFFA ET MC2";"GN/108";"MUFFA COYAH"
"false";"034";"MUFFA ET MC2";"GN/108";"MC2 FRIA"
"false";"035";"MUFFA ET MC2";"GN/108";"MC2 DE LA PRESIDENCE"
"false";"036";"MUFFA ET MC2";"GN/108";"MUFFA PITA"
"false";"037";"MUFFA ET MC2";"GN/108";"MUFFA MAMOU"
"false";"038";"MUFFA ET MC2";"GN/108";"MUFFA BOFFA"
"false";"039";"MUFFA ET MC2";"GN/108";"MC2 N'ZEREKORE"
"false";"040";"MUFFA ET MC2";"GN/108";"MUFFA DABOLA"
"false";"041";"MUFFA ET MC2";"GN/108";"MC2 SANGAREDI"
"false";"042";"MUFFA ET MC2";"GN/108";"MC2 NORASSOBA"
"false";"043";"MUFFA ET MC2";"GN/108";"MC2 DOKO"
"false";"044";"MUFFA ET MC2";"GN/108";"MUFFA SIGUIRI"
"false";"045";"MUFFA ET MC2";"GN/108";"MC2 FARANAH"
"false";"046";"MUFFA ET MC2";"GN/108";"MUFFA PREFECTURE DE KINDIA"
"false";"047";"MUFFA ET MC2";"GN/108";"MC2 SOUGUETA"
"false";"048";"MUFFA ET MC2";"GN/108";"MC2 MOLOTA"
"false";"049";"MUFFA ET MC2";"GN/108";"MC2 KINDIA"
"false";"050";"MUFFA ET MC2";"GN/108";"MC2 FOULAYAH"
"false";"051";"MUFFA ET MC2";"GN/108";"MC2 PREFECTURE DE LOLA"
"false";"052";"MUFFA ET MC2";"GN/108";"FRIPERIE MADINA"
"false";"053";"MUFFA ET MC2";"GN/108";"MUFFA COMMUNE DE BEYLA"
"false";"054";"MUFFA ET MC2";"GN/108";"MUFFA LOLA"
"false";"055";"MUFFA ET MC2";"GN/108";"MC2 MALI"
"false";"056";"MUFFA ET MC2";"GN/108";"MUFFA AVARIA"
"false";"057";"MUFFA ET MC2";"GN/108";"MC2 MAMOU"
"false";"058";"MUFFA ET MC2";"GN/108";"MC2 BANGOUYA"
"false";"059";"MUFFA ET MC2";"GN/108";"MC2 GOUECKE"
"false";"060";"MUFFA ET MC2";"GN/108";"MC2 DIOMPILO"
"false";"061";"MUFFA ET MC2";"GN/108";"MC2 BOKE"
"false";"062";"MUFFA ET MC2";"GN/108";"MC2 ETOILE DE GUINEE"
"false";"063";"MUFFA ET MC2";"GN/108";"MC2 TOUBA"
"false";"064";"MUFFA ET MC2";"GN/108";"MC2 KEROUANE"
"false";"065";"MUFFA ET MC2";"GN/108";"MC2 AGM MATOTO"
"false";"066";"MUFFA ET MC2";"GN/108";"MC2 TELEMELE"
"false";"067";"MUFFA ET MC2";"GN/108";"MC2 SINKO"
"false";"068";"MUFFA ET MC2";"GN/108";"MC2 MANDIANA"
"false";"069";"MUFFA ET MC2";"GN/108";"MC2 N'ZO"
"false";"070";"MUFFA ET MC2";"GN/108";"MC2 YENDE MILLIMOU"
"false";"071";"MUFFA ET MC2";"GN/108";"MUFFA BAMBETO"
"false";"072";"MUFFA ET MC2";"GN/108";"MC2 DARES SALAM"
"false";"073";"MUFFA ET MC2";"GN/108";"MC2 DIALAKORO"
"false";"074";"MUFFA ET MC2";"GN/108";"MC2 KASSE MATAM"
"false";"075";"MUFFA ET MC2";"GN/108";"MC2 DE PELA"
"false";"076";"MUFFA ET MC2";"GN/108";"MC2 ENTAG"
"false";"078";"MUFFA ET MC2";"GN/108";"MC2 BOLA ASSOCIATION"
"false";"079";"MUFFA ET MC2";"GN/108";"MC2 DIECKE"
"false";"080";"MUFFA ET MC2";"GN/108";"MC2 LANSANAYAH BARRAGE"
"false";"081";"MUFFA ET MC2";"GN/108";"MC2 KOUKOUDE"
"false";"082";"MUFFA ET MC2";"GN/108";"MC2 KOUMBIA"
"false";"083";"MUFFA ET MC2";"GN/108";"MC2 LAMBANYI"
"false";"084";"MUFFA ET MC2";"GN/108";"MUFFA DES MAREUYEUSES DE GUINEE"
"false";"085";"MUFFA ET MC2";"GN/108";"MC2 CONAKRY LANYI"
"false";"086";"MUFFA ET MC2";"GN/108";"MUFFA COMMUNE DE BOKE"
"false";"087";"MUFFA ET MC2";"GN/108";"MC2 KOBA"
"false";"088";"MUFFA ET MC2";"GN/108";"MC2 SIGUIRINI"
"false";"089";"MUFFA ET MC2";"GN/108";"MC2 KISSIDOUGOU"
"false";"090";"MUFFA ET MC2";"GN/108";"MC2 RATOMA"
"false";"091";"MUFFA ET MC2";"GN/108";"MC2 DOUAKO"
"false";"093";"MUFFA ET MC2";"GN/108";"MUFFA DE TELEMELE"
"false";"094";"MUFFA ET MC2";"GN/108";"MC2 KARAKORO"
"false";"095";"MUFFA ET MC2";"GN/108";"MC2 SAKODOU KOUNDJAN"
"false";"001";"JATROPHA - SA";"GN/109";"Taouyah"
"false";"002";"JATROPHA - SA";"GN/109";"Gamal"
"false";"003";"JATROPHA - SA";"GN/109";"Sonfonia"
"false";"004";"JATROPHA - SA";"GN/109";"Nongo (KOFI)"
"false";"005";"JATROPHA - SA";"GN/109";"Petit Simbaya"
"false";"006";"JATROPHA - SA";"GN/109";"Kindia"
"false";"007";"JATROPHA - SA";"GN/109";"Boké"
"false";"008";"JATROPHA - SA";"GN/109";"Labé"
"false";"009";"JATROPHA - SA";"GN/109";"Mamou"
"false";"010";"JATROPHA - SA";"GN/109";"Kankan"
"false";"011";"JATROPHA - SA";"GN/109";"N'zérékoré"
"false";"001";"COFINA";"GN/110";"Kipé"
"false";"002";"COFINA";"GN/110";"Carrefour Constantin"
"false";"003";"COFINA";"GN/110";"Condebounyi"
"false";"004";"COFINA";"GN/110";"Almamya"
"false";"001";"GECAFI";"GN/111";"Kaloum"
"false";"001";"CRÉDIT NAFA GUINÉE";"GN/112";"Enco 5"
"false";"002";"CRÉDIT NAFA GUINÉE";"GN/112";"Constantin"
"false";"003";"CRÉDIT NAFA GUINÉE";"GN/112";"N'zérékoré"
"false";"004";"CRÉDIT NAFA GUINÉE";"GN/112";"Labé"
"false";"001";"OMIG";"GN/113";"Donka"
"false";"001";"FASEF";"GN/115";"Boké CU"
"false";"002";"FASEF";"GN/115";"Kolaboui"
"false";"003";"FASEF";"GN/115";"Boffa CU Torodoya"
"false";"004";"FASEF";"GN/115";"Colia"
"false";"005";"FASEF";"GN/115";"Koba"
"false";"006";"FASEF";"GN/115";"Tougnifily"
"false";"007";"FASEF";"GN/115";"Wondetty"
"false";"008";"FASEF";"GN/115";"Fria CU"
"false";"009";"FASEF";"GN/115";"Baguinet"
"false";"010";"FASEF";"GN/115";"Dubréka CU"
"false";"011";"FASEF";"GN/115";"Ouassou"
"false";"012";"FASEF";"GN/115";"Tanènè"
"false";"013";"FASEF";"GN/115";"Dembayah"
"false";"014";"FASEF";"GN/115";"Kindia CU"
"false";"015";"FASEF";"GN/115";"Foulayah"
"false";"016";"FASEF";"GN/115";"Madina Oulla"
"false";"017";"FASEF";"GN/115";"Kondoyah"
"false";"018";"FASEF";"GN/115";"Moussaya"
"false";"019";"FASEF";"GN/115";"Télimélé CU"
"false";"020";"FASEF";"GN/115";"Kollet"
"false";"021";"FASEF";"GN/115";"Gougoudjé"
"false";"022";"FASEF";"GN/115";"Sinta"
"false";"023";"FASEF";"GN/115";"Ley-legguel"
"false";"024";"FASEF";"GN/115";"Dogomet"
"false";"025";"FASEF";"GN/115";"Konindou"
"false";"001";"AMIFA SA";"GN/118";"Kissosso"
"false";"002";"AMIFA SA";"GN/118";"Constantin"
"false";"003";"AMIFA SA";"GN/118";"Lambangni"
"false";"004";"AMIFA SA";"GN/118";"Kindia"
"false";"005";"AMIFA SA";"GN/118";"Taouyah"
"false";"006";"AMIFA SA";"GN/118";"Kagbelen"
"false";"007";"AMIFA SA";"GN/118";"Mamou"
"false";"008";"AMIFA SA";"GN/118";"Yimbaya"
"false";"009";"AMIFA SA";"GN/118";"Kaloum"
"false";"010";"AMIFA SA";"GN/118";"Kamsar"
"false";"011";"AMIFA SA";"GN/118";"Labé"
"false";"012";"AMIFA SA";"GN/118";"Siguiri"
"false";"013";"AMIFA SA";"GN/118";"Kankan"
"false";"014";"AMIFA SA";"GN/118";"Sankoumbaya"
"false";"015";"AMIFA SA";"GN/118";"Kissidougou"
"false";"001";"CRÉDIT KASH GUINÉE CONAKRY";"GN/119";"Kaloum"
"false";"002";"CRÉDIT KASH GUINÉE CONAKRY";"GN/119";"Matoto"
"false";"003";"CRÉDIT KASH GUINÉE CONAKRY";"GN/119";"Enta"
"false";"004";"CRÉDIT KASH GUINÉE CONAKRY";"GN/119";"Taouyah"
"false";"005";"CRÉDIT KASH GUINÉE CONAKRY";"GN/119";"Kagbelen"
"false";"006";"CRÉDIT KASH GUINÉE CONAKRY";"GN/119";"Madina Marché"
"false";"001";"TAB FINANCE";"GN/121";"Enco 5"
"false";"001";"WAKILI SA";"GN/122";"Taouyah"
"false";"002";"WAKILI SA";"GN/122";"Matoto"
"false";"003";"WAKILI SA";"GN/122";"Sonfonia"
"false";"004";"WAKILI SA";"GN/122";"Boffa"
"false";"005";"WAKILI SA";"GN/122";"Koba"
"false";"006";"WAKILI SA";"GN/122";"Maférinyah"
"false";"007";"WAKILI SA";"GN/122";"Forécariah"
"false";"008";"WAKILI SA";"GN/122";"Koulé"
"false";"009";"WAKILI SA";"GN/122";"Gouecké"
"false";"001";"GROUPE AKIBA FINANCE SA";"GN/123";"Kipé"
"false";"002";"GROUPE AKIBA FINANCE SA";"GN/123";"Madina"
"false";"001";"LANALA FINANCE";"GN/131";"Kaloum"
"false";"002";"LANALA FINANCE";"GN/131";"Enta"
"false";"003";"LANALA FINANCE";"GN/131";"Kindia"
"false";"004";"LANALA FINANCE";"GN/131";"N'zérékoré"
"false";"005";"LANALA FINANCE";"GN/131";"Matam"
"false";"006";"LANALA FINANCE";"GN/131";"Lambanyi"
"false";"007";"LANALA FINANCE";"GN/131";"Kagbelen"
"false";"008";"LANALA FINANCE";"GN/131";"Mamou"
"false";"009";"LANALA FINANCE";"GN/131";"Kankan"
"false";"010";"LANALA FINANCE";"GN/131";"Siguiri"
