CHAMP;CODE;DESIGNATION;LIBELLE;REFINTENG;TYPE;VALEURACTUEL
refIntEng;LOG008;Aucun engagement trouvé pour cette référence;Donnée inexistante dans le SIC;628;Erreur;628
refIntEng;LOG008;Aucun engagement trouvé pour cette référence;Donnée inexistante dans le SIC;333;Erreur;333
refIntEng;LOG008;Aucun engagement trouvé pour cette référence;Donnée inexistante dans le SIC;886;Erreur;886
refIntEng;LOG008;Aucun engagement trouvé pour cette référence;Donnée inexistante dans le SIC;1086;Erreur;1086
refIntEng;LOG008;Aucun engagement trouvé pour cette référence;Donnée inexistante dans le SIC;1065;Erreur;1065
refIntEng;LOG008;Aucun engagement trouvé pour cette référence;Donnée inexistante dans le SIC;861;Erreur;861
refIntEng;LOG008;Aucun engagement trouvé pour cette référence;Donnée inexistante dans le SIC;1082;Erreur;1082
refIntEng;LOG008;Aucun engagement trouvé pour cette référence;Donnée inexistante dans le SIC;1134;Erreur;1134
refIntEng;LOG008;Aucun engagement trouvé pour cette référence;Donnée inexistante dans le SIC;1036;Erreur;1036
refIntEng;LOG008;Aucun engagement trouvé pour cette référence;Donnée inexistante dans le SIC;1131;Erreur;1131
refIntEng;LOG008;Aucun engagement trouvé pour cette référence;Donnée inexistante dans le SIC;1122;Erreur;1122
refIntEng;LOG008;Aucun engagement trouvé pour cette référence;Donnée inexistante dans le SIC;1121;Erreur;1121
refIntEng;LOG008;Aucun engagement trouvé pour cette référence;Donnée inexistante dans le SIC;1126;Erreur;1126
refIntEng;LOG008;Aucun engagement trouvé pour cette référence;Donnée inexistante dans le SIC;1147;Erreur;1147
refIntEng;LOG008;Aucun engagement trouvé pour cette référence;Donnée inexistante dans le SIC;1128;Erreur;1128
refIntEng;LOG008;Aucun engagement trouvé pour cette référence;Donnée inexistante dans le SIC;1127;Erreur;1127
refIntEng;LOG008;Aucun engagement trouvé pour cette référence;Donnée inexistante dans le SIC;1097;Erreur;1097
refIntEng;LOG008;Aucun engagement trouvé pour cette référence;Donnée inexistante dans le SIC;657;Erreur;657
refIntEng;LOG008;Aucun engagement trouvé pour cette référence;Donnée inexistante dans le SIC;1037;Erreur;1037
refIntEng;LOG008;Aucun engagement trouvé pour cette référence;Donnée inexistante dans le SIC;1083;Erreur;1083
refIntEng;LOG008;Aucun engagement trouvé pour cette référence;Donnée inexistante dans le SIC;951;Erreur;951
refIntEng;LOG008;Aucun engagement trouvé pour cette référence;Donnée inexistante dans le SIC;1031;Erreur;1031
refIntEng;LOG008;Aucun engagement trouvé pour cette référence;Donnée inexistante dans le SIC;1035;Erreur;1035
refIntEng;LOG008;Aucun engagement trouvé pour cette référence;Donnée inexistante dans le SIC;1132;Erreur;1132
refIntEng;LOG008;Aucun engagement trouvé pour cette référence;Donnée inexistante dans le SIC;1092;Erreur;1092
refIntEng;LOG008;Aucun engagement trouvé pour cette référence;Donnée inexistante dans le SIC;1117;Erreur;1117
refIntEng;LOG008;Aucun engagement trouvé pour cette référence;Donnée inexistante dans le SIC;952;Erreur;952
refIntEng;LOG008;Aucun engagement trouvé pour cette référence;Donnée inexistante dans le SIC;1048;Erreur;1048
refIntEng;LOG008;Aucun engagement trouvé pour cette référence;Donnée inexistante dans le SIC;1054;Erreur;1054
refIntEng;LOG008;Aucun engagement trouvé pour cette référence;Donnée inexistante dans le SIC;903;Erreur;903
refIntEng;LOG008;Aucun engagement trouvé pour cette référence;Donnée inexistante dans le SIC;1076;Erreur;1076
refIntEng;LOG008;Aucun engagement trouvé pour cette référence;Donnée inexistante dans le SIC;1091;Erreur;1091
refIntEng;LOG008;Aucun engagement trouvé pour cette référence;Donnée inexistante dans le SIC;1120;Erreur;1120
refIntEng;LOG008;Aucun engagement trouvé pour cette référence;Donnée inexistante dans le SIC;1038;Erreur;1038
refIntEng;LOG008;Aucun engagement trouvé pour cette référence;Donnée inexistante dans le SIC;1161;Erreur;1161
refIntEng;LOG008;Aucun engagement trouvé pour cette référence;Donnée inexistante dans le SIC;1124;Erreur;1124
refIntEng;LOG008;Aucun engagement trouvé pour cette référence;Donnée inexistante dans le SIC;1074;Erreur;1074
refIntEng;LOG008;Aucun engagement trouvé pour cette référence;Donnée inexistante dans le SIC;942;Erreur;942
refIntEng;LOG008;Aucun engagement trouvé pour cette référence;Donnée inexistante dans le SIC;842;Erreur;842
refIntEng;LOG008;Aucun engagement trouvé pour cette référence;Donnée inexistante dans le SIC;983;Erreur;983
refIntEng;LOG008;Aucun engagement trouvé pour cette référence;Donnée inexistante dans le SIC;1114;Erreur;1114
refIntEng;LOG008;Aucun engagement trouvé pour cette référence;Donnée inexistante dans le SIC;1045;Erreur;1045
refIntEng;LOG008;Aucun engagement trouvé pour cette référence;Donnée inexistante dans le SIC;1115;Erreur;1115
refIntEng;LOG008;Aucun engagement trouvé pour cette référence;Donnée inexistante dans le SIC;1769;Erreur;1769
refIntEng;LOG008;Aucun engagement trouvé pour cette référence;Donnée inexistante dans le SIC;1664;Erreur;1664
refIntEng;LOG008;Aucun engagement trouvé pour cette référence;Donnée inexistante dans le SIC;1671;Erreur;1671
refIntEng;LOG008;Aucun engagement trouvé pour cette référence;Donnée inexistante dans le SIC;1461;Erreur;1461
refIntEng;LOG008;Aucun engagement trouvé pour cette référence;Donnée inexistante dans le SIC;1078;Erreur;1078
refIntEng;LOG008;Aucun engagement trouvé pour cette référence;Donnée inexistante dans le SIC;1405;Erreur;1405
refIntEng;LOG008;Aucun engagement trouvé pour cette référence;Donnée inexistante dans le SIC;1169;Erreur;1169
refIntEng;LOG008;Aucun engagement trouvé pour cette référence;Donnée inexistante dans le SIC;1726;Erreur;1726
refIntEng;LOG008;Aucun engagement trouvé pour cette référence;Donnée inexistante dans le SIC;1780;Erreur;1780
refIntEng;LOG008;Aucun engagement trouvé pour cette référence;Donnée inexistante dans le SIC;1123;Erreur;1123
refIntEng;LOG008;Aucun engagement trouvé pour cette référence;Donnée inexistante dans le SIC;1488;Erreur;1488
refIntEng;LOG008;Aucun engagement trouvé pour cette référence;Donnée inexistante dans le SIC;1771;Erreur;1771
refIntEng;LOG008;Aucun engagement trouvé pour cette référence;Donnée inexistante dans le SIC;1229;Erreur;1229
refIntEng;LOG008;Aucun engagement trouvé pour cette référence;Donnée inexistante dans le SIC;1701;Erreur;1701
refIntEng;LOG008;Aucun engagement trouvé pour cette référence;Donnée inexistante dans le SIC;1610;Erreur;1610
refIntEng;LOG008;Aucun engagement trouvé pour cette référence;Donnée inexistante dans le SIC;1613;Erreur;1613
refIntEng;LOG008;Aucun engagement trouvé pour cette référence;Donnée inexistante dans le SIC;887;Erreur;887
refIntEng;LOG008;Aucun engagement trouvé pour cette référence;Donnée inexistante dans le SIC;1760;Erreur;1760
refIntEng;LOG008;Aucun engagement trouvé pour cette référence;Donnée inexistante dans le SIC;1561;Erreur;1561
refIntEng;LOG008;Aucun engagement trouvé pour cette référence;Donnée inexistante dans le SIC;1226;Erreur;1226
refIntEng;LOG008;Aucun engagement trouvé pour cette référence;Donnée inexistante dans le SIC;1685;Erreur;1685
refIntEng;LOG008;Aucun engagement trouvé pour cette référence;Donnée inexistante dans le SIC;1832;Erreur;1832
refIntEng;LOG008;Aucun engagement trouvé pour cette référence;Donnée inexistante dans le SIC;1559;Erreur;1559
refIntEng;LOG008;Aucun engagement trouvé pour cette référence;Donnée inexistante dans le SIC;1783;Erreur;1783
refIntEng;LOG008;Aucun engagement trouvé pour cette référence;Donnée inexistante dans le SIC;1811;Erreur;1811
refIntEng;LOG008;Aucun engagement trouvé pour cette référence;Donnée inexistante dans le SIC;1531;Erreur;1531
refIntEng;LOG008;Aucun engagement trouvé pour cette référence;Donnée inexistante dans le SIC;1532;Erreur;1532
refIntEng;LOG008;Aucun engagement trouvé pour cette référence;Donnée inexistante dans le SIC;1616;Erreur;1616
refIntEng;LOG008;Aucun engagement trouvé pour cette référence;Donnée inexistante dans le SIC;1700;Erreur;1700
refIntEng;LOG008;Aucun engagement trouvé pour cette référence;Donnée inexistante dans le SIC;1838;Erreur;1838
refIntEng;LOG008;Aucun engagement trouvé pour cette référence;Donnée inexistante dans le SIC;1276;Erreur;1276
refIntEng;LOG008;Aucun engagement trouvé pour cette référence;Donnée inexistante dans le SIC;1200;Erreur;1200
refIntEng;LOG008;Aucun engagement trouvé pour cette référence;Donnée inexistante dans le SIC;1826;Erreur;1826
refIntEng;LOG008;Aucun engagement trouvé pour cette référence;Donnée inexistante dans le SIC;1485;Erreur;1485
refIntEng;LOG008;Aucun engagement trouvé pour cette référence;Donnée inexistante dans le SIC;1784;Erreur;1784
refIntEng;LOG008;Aucun engagement trouvé pour cette référence;Donnée inexistante dans le SIC;1615;Erreur;1615
refIntEng;LOG008;Aucun engagement trouvé pour cette référence;Donnée inexistante dans le SIC;1563;Erreur;1563
refIntEng;LOG008;Aucun engagement trouvé pour cette référence;Donnée inexistante dans le SIC;1517;Erreur;1517
refIntEng;LOG008;Aucun engagement trouvé pour cette référence;Donnée inexistante dans le SIC;1669;Erreur;1669
refIntEng;LOG008;Aucun engagement trouvé pour cette référence;Donnée inexistante dans le SIC;1707;Erreur;1707
refIntEng;LOG008;Aucun engagement trouvé pour cette référence;Donnée inexistante dans le SIC;1818;Erreur;1818
refIntEng;LOG008;Aucun engagement trouvé pour cette référence;Donnée inexistante dans le SIC;1682;Erreur;1682
refIntEng;LOG008;Aucun engagement trouvé pour cette référence;Donnée inexistante dans le SIC;1800;Erreur;1800
refIntEng;LOG008;Aucun engagement trouvé pour cette référence;Donnée inexistante dans le SIC;1492;Erreur;1492
refIntEng;LOG008;Aucun engagement trouvé pour cette référence;Donnée inexistante dans le SIC;1730;Erreur;1730
refIntEng;LOG008;Aucun engagement trouvé pour cette référence;Donnée inexistante dans le SIC;1204;Erreur;1204
refIntEng;LOG008;Aucun engagement trouvé pour cette référence;Donnée inexistante dans le SIC;2023;Erreur;2023
refIntEng;LOG008;Aucun engagement trouvé pour cette référence;Donnée inexistante dans le SIC;1923;Erreur;1923
refIntEng;LOG008;Aucun engagement trouvé pour cette référence;Donnée inexistante dans le SIC;2200;Erreur;2200
refIntEng;LOG008;Aucun engagement trouvé pour cette référence;Donnée inexistante dans le SIC;1883;Erreur;1883
refIntEng;LOG008;Aucun engagement trouvé pour cette référence;Donnée inexistante dans le SIC;1776;Erreur;1776
refIntEng;LOG008;Aucun engagement trouvé pour cette référence;Donnée inexistante dans le SIC;2000;Erreur;2000
refIntEng;LOG008;Aucun engagement trouvé pour cette référence;Donnée inexistante dans le SIC;2171;Erreur;2171
refIntEng;LOG008;Aucun engagement trouvé pour cette référence;Donnée inexistante dans le SIC;1955;Erreur;1955
refIntEng;LOG008;Aucun engagement trouvé pour cette référence;Donnée inexistante dans le SIC;1969;Erreur;1969
refIntEng;LOG008;Aucun engagement trouvé pour cette référence;Donnée inexistante dans le SIC;1497;Erreur;1497
refIntEng;LOG008;Aucun engagement trouvé pour cette référence;Donnée inexistante dans le SIC;2209;Erreur;2209
refIntEng;LOG008;Aucun engagement trouvé pour cette référence;Donnée inexistante dans le SIC;2111;Erreur;2111
refIntEng;LOG008;Aucun engagement trouvé pour cette référence;Donnée inexistante dans le SIC;2213;Erreur;2213
refIntEng;LOG008;Aucun engagement trouvé pour cette référence;Donnée inexistante dans le SIC;1927;Erreur;1927
refIntEng;LOG008;Aucun engagement trouvé pour cette référence;Donnée inexistante dans le SIC;2145;Erreur;2145
refIntEng;LOG008;Aucun engagement trouvé pour cette référence;Donnée inexistante dans le SIC;2103;Erreur;2103
refIntEng;LOG008;Aucun engagement trouvé pour cette référence;Donnée inexistante dans le SIC;2002;Erreur;2002
refIntEng;LOG008;Aucun engagement trouvé pour cette référence;Donnée inexistante dans le SIC;2152;Erreur;2152
refIntEng;LOG008;Aucun engagement trouvé pour cette référence;Donnée inexistante dans le SIC;2001;Erreur;2001
refIntEng;LOG008;Aucun engagement trouvé pour cette référence;Donnée inexistante dans le SIC;1933;Erreur;1933
refIntEng;LOG008;Aucun engagement trouvé pour cette référence;Donnée inexistante dans le SIC;2178;Erreur;2178
refIntEng;LOG008;Aucun engagement trouvé pour cette référence;Donnée inexistante dans le SIC;1920;Erreur;1920
refIntEng;LOG008;Aucun engagement trouvé pour cette référence;Donnée inexistante dans le SIC;2201;Erreur;2201
refIntEng;LOG008;Aucun engagement trouvé pour cette référence;Donnée inexistante dans le SIC;2132;Erreur;2132
refIntEng;LOG008;Aucun engagement trouvé pour cette référence;Donnée inexistante dans le SIC;1930;Erreur;1930
refIntEng;LOG008;Aucun engagement trouvé pour cette référence;Donnée inexistante dans le SIC;2125;Erreur;2125
refIntEng;LOG008;Aucun engagement trouvé pour cette référence;Donnée inexistante dans le SIC;1929;Erreur;1929
refIntEng;LOG008;Aucun engagement trouvé pour cette référence;Donnée inexistante dans le SIC;1996;Erreur;1996
refIntEng;LOG008;Aucun engagement trouvé pour cette référence;Donnée inexistante dans le SIC;2010;Erreur;2010
refIntEng;LOG008;Aucun engagement trouvé pour cette référence;Donnée inexistante dans le SIC;1988;Erreur;1988
refIntEng;LOG008;Aucun engagement trouvé pour cette référence;Donnée inexistante dans le SIC;2068;Erreur;2068
refIntEng;LOG008;Aucun engagement trouvé pour cette référence;Donnée inexistante dans le SIC;2153;Erreur;2153
refIntEng;LOG008;Aucun engagement trouvé pour cette référence;Donnée inexistante dans le SIC;1910;Erreur;1910
refIntEng;LOG008;Aucun engagement trouvé pour cette référence;Donnée inexistante dans le SIC;2051;Erreur;2051
refIntEng;LOG008;Aucun engagement trouvé pour cette référence;Donnée inexistante dans le SIC;2187;Erreur;2187
refIntEng;LOG008;Aucun engagement trouvé pour cette référence;Donnée inexistante dans le SIC;1890;Erreur;1890
refIntEng;LOG008;Aucun engagement trouvé pour cette référence;Donnée inexistante dans le SIC;2029;Erreur;2029
refIntEng;LOG008;Aucun engagement trouvé pour cette référence;Donnée inexistante dans le SIC;1938;Erreur;1938
refIntEng;LOG008;Aucun engagement trouvé pour cette référence;Donnée inexistante dans le SIC;1857;Erreur;1857
refIntEng;LOG008;Aucun engagement trouvé pour cette référence;Donnée inexistante dans le SIC;2075;Erreur;2075
refIntEng;LOG008;Aucun engagement trouvé pour cette référence;Donnée inexistante dans le SIC;2179;Erreur;2179
refIntEng;LOG008;Aucun engagement trouvé pour cette référence;Donnée inexistante dans le SIC;2049;Erreur;2049
refIntEng;LOG008;Aucun engagement trouvé pour cette référence;Donnée inexistante dans le SIC;2362;Erreur;2362
refIntEng;LOG008;Aucun engagement trouvé pour cette référence;Donnée inexistante dans le SIC;1975;Erreur;1975
refIntEng;LOG008;Aucun engagement trouvé pour cette référence;Donnée inexistante dans le SIC;2382;Erreur;2382
refIntEng;LOG008;Aucun engagement trouvé pour cette référence;Donnée inexistante dans le SIC;1745;Erreur;1745
refIntEng;LOG008;Aucun engagement trouvé pour cette référence;Donnée inexistante dans le SIC;2269;Erreur;2269
refIntEng;LOG008;Aucun engagement trouvé pour cette référence;Donnée inexistante dans le SIC;2324;Erreur;2324
refIntEng;LOG008;Aucun engagement trouvé pour cette référence;Donnée inexistante dans le SIC;1931;Erreur;1931
refIntEng;LOG008;Aucun engagement trouvé pour cette référence;Donnée inexistante dans le SIC;2447;Erreur;2447
refIntEng;LOG008;Aucun engagement trouvé pour cette référence;Donnée inexistante dans le SIC;2477;Erreur;2477
refIntEng;LOG008;Aucun engagement trouvé pour cette référence;Donnée inexistante dans le SIC;2484;Erreur;2484
refIntEng;LOG008;Aucun engagement trouvé pour cette référence;Donnée inexistante dans le SIC;2205;Erreur;2205
refIntEng;LOG008;Aucun engagement trouvé pour cette référence;Donnée inexistante dans le SIC;2405;Erreur;2405
refIntEng;LOG008;Aucun engagement trouvé pour cette référence;Donnée inexistante dans le SIC;2379;Erreur;2379
refIntEng;LOG008;Aucun engagement trouvé pour cette référence;Donnée inexistante dans le SIC;2353;Erreur;2353
refIntEng;LOG008;Aucun engagement trouvé pour cette référence;Donnée inexistante dans le SIC;2288;Erreur;2288
refIntEng;LOG008;Aucun engagement trouvé pour cette référence;Donnée inexistante dans le SIC;2327;Erreur;2327
refIntEng;LOG008;Aucun engagement trouvé pour cette référence;Donnée inexistante dans le SIC;2329;Erreur;2329
refIntEng;LOG008;Aucun engagement trouvé pour cette référence;Donnée inexistante dans le SIC;2478;Erreur;2478
refIntEng;LOG008;Aucun engagement trouvé pour cette référence;Donnée inexistante dans le SIC;2204;Erreur;2204
refIntEng;LOG008;Aucun engagement trouvé pour cette référence;Donnée inexistante dans le SIC;2358;Erreur;2358
refIntEng;LOG008;Aucun engagement trouvé pour cette référence;Donnée inexistante dans le SIC;2283;Erreur;2283
refIntEng;LOG008;Aucun engagement trouvé pour cette référence;Donnée inexistante dans le SIC;2159;Erreur;2159
refIntEng;LOG008;Aucun engagement trouvé pour cette référence;Donnée inexistante dans le SIC;2385;Erreur;2385
refIntEng;LOG008;Aucun engagement trouvé pour cette référence;Donnée inexistante dans le SIC;2292;Erreur;2292
refIntEng;LOG008;Aucun engagement trouvé pour cette référence;Donnée inexistante dans le SIC;2335;Erreur;2335
refIntEng;LOG008;Aucun engagement trouvé pour cette référence;Donnée inexistante dans le SIC;2410;Erreur;2410
refIntEng;LOG008;Aucun engagement trouvé pour cette référence;Donnée inexistante dans le SIC;2290;Erreur;2290
refIntEng;LOG008;Aucun engagement trouvé pour cette référence;Donnée inexistante dans le SIC;2369;Erreur;2369
refIntEng;LOG008;Aucun engagement trouvé pour cette référence;Donnée inexistante dans le SIC;2305;Erreur;2305
refIntEng;LOG008;Aucun engagement trouvé pour cette référence;Donnée inexistante dans le SIC;2293;Erreur;2293
refIntEng;LOG008;Aucun engagement trouvé pour cette référence;Donnée inexistante dans le SIC;2407;Erreur;2407
refIntEng;LOG008;Aucun engagement trouvé pour cette référence;Donnée inexistante dans le SIC;2457;Erreur;2457
refIntEng;LOG008;Aucun engagement trouvé pour cette référence;Donnée inexistante dans le SIC;2360;Erreur;2360
refIntEng;LOG008;Aucun engagement trouvé pour cette référence;Donnée inexistante dans le SIC;2480;Erreur;2480
refIntEng;LOG008;Aucun engagement trouvé pour cette référence;Donnée inexistante dans le SIC;2315;Erreur;2315
refIntEng;LOG008;Aucun engagement trouvé pour cette référence;Donnée inexistante dans le SIC;2422;Erreur;2422
refIntEng;LOG008;Aucun engagement trouvé pour cette référence;Donnée inexistante dans le SIC;2443;Erreur;2443
refIntEng;LOG008;Aucun engagement trouvé pour cette référence;Donnée inexistante dans le SIC;2318;Erreur;2318
refIntEng;LOG008;Aucun engagement trouvé pour cette référence;Donnée inexistante dans le SIC;2397;Erreur;2397
refIntEng;LOG008;Aucun engagement trouvé pour cette référence;Donnée inexistante dans le SIC;2359;Erreur;2359
refIntEng;LOG008;Aucun engagement trouvé pour cette référence;Donnée inexistante dans le SIC;2389;Erreur;2389
refIntEng;LOG008;Aucun engagement trouvé pour cette référence;Donnée inexistante dans le SIC;2245;Erreur;2245
refIntEng;LOG008;Aucun engagement trouvé pour cette référence;Donnée inexistante dans le SIC;2346;Erreur;2346
refIntEng;LOG008;Aucun engagement trouvé pour cette référence;Donnée inexistante dans le SIC;2298;Erreur;2298
refIntEng;LOG008;Aucun engagement trouvé pour cette référence;Donnée inexistante dans le SIC;2575;Erreur;2575
refIntEng;LOG008;Aucun engagement trouvé pour cette référence;Donnée inexistante dans le SIC;2423;Erreur;2423
refIntEng;LOG008;Aucun engagement trouvé pour cette référence;Donnée inexistante dans le SIC;2624;Erreur;2624
refIntEng;LOG008;Aucun engagement trouvé pour cette référence;Donnée inexistante dans le SIC;2528;Erreur;2528
refIntEng;LOG008;Aucun engagement trouvé pour cette référence;Donnée inexistante dans le SIC;2570;Erreur;2570
refIntEng;LOG008;Aucun engagement trouvé pour cette référence;Donnée inexistante dans le SIC;2413;Erreur;2413
refIntEng;LOG008;Aucun engagement trouvé pour cette référence;Donnée inexistante dans le SIC;2639;Erreur;2639
refIntEng;LOG008;Aucun engagement trouvé pour cette référence;Donnée inexistante dans le SIC;2529;Erreur;2529
refIntEng;LOG008;Aucun engagement trouvé pour cette référence;Donnée inexistante dans le SIC;2640;Erreur;2640
refIntEng;LOG008;Aucun engagement trouvé pour cette référence;Donnée inexistante dans le SIC;2558;Erreur;2558
refIntEng;LOG008;Aucun engagement trouvé pour cette référence;Donnée inexistante dans le SIC;2555;Erreur;2555
refIntEng;LOG008;Aucun engagement trouvé pour cette référence;Donnée inexistante dans le SIC;2531;Erreur;2531
refIntEng;LOG008;Aucun engagement trouvé pour cette référence;Donnée inexistante dans le SIC;2610;Erreur;2610
refIntEng;LOG008;Aucun engagement trouvé pour cette référence;Donnée inexistante dans le SIC;2599;Erreur;2599
refIntEng;LOG008;Aucun engagement trouvé pour cette référence;Donnée inexistante dans le SIC;2516;Erreur;2516
refIntEng;LOG008;Aucun engagement trouvé pour cette référence;Donnée inexistante dans le SIC;2493;Erreur;2493
refIntEng;LOG008;Aucun engagement trouvé pour cette référence;Donnée inexistante dans le SIC;2628;Erreur;2628
refIntEng;LOG008;Aucun engagement trouvé pour cette référence;Donnée inexistante dans le SIC;2568;Erreur;2568
refIntEng;LOG008;Aucun engagement trouvé pour cette référence;Donnée inexistante dans le SIC;2635;Erreur;2635
refIntEng;LOG008;Aucun engagement trouvé pour cette référence;Donnée inexistante dans le SIC;2630;Erreur;2630
refIntEng;LOG008;Aucun engagement trouvé pour cette référence;Donnée inexistante dans le SIC;2521;Erreur;2521
refIntEng;LOG008;Aucun engagement trouvé pour cette référence;Donnée inexistante dans le SIC;2218;Erreur;2218
refIntEng;LOG008;Aucun engagement trouvé pour cette référence;Donnée inexistante dans le SIC;2636;Erreur;2636
refIntEng;LOG008;Aucun engagement trouvé pour cette référence;Donnée inexistante dans le SIC;2577;Erreur;2577
refIntEng;LOG008;Aucun engagement trouvé pour cette référence;Donnée inexistante dans le SIC;2616;Erreur;2616
refIntEng;LOG008;Aucun engagement trouvé pour cette référence;Donnée inexistante dans le SIC;2430;Erreur;2430
refIntEng;LOG008;Aucun engagement trouvé pour cette référence;Donnée inexistante dans le SIC;2631;Erreur;2631
refIntEng;LOG008;Aucun engagement trouvé pour cette référence;Donnée inexistante dans le SIC;2486;Erreur;2486
refIntEng;LOG008;Aucun engagement trouvé pour cette référence;Donnée inexistante dans le SIC;2515;Erreur;2515
refIntEng;LOG008;Aucun engagement trouvé pour cette référence;Donnée inexistante dans le SIC;2637;Erreur;2637
refIntEng;LOG008;Aucun engagement trouvé pour cette référence;Donnée inexistante dans le SIC;2612;Erreur;2612
refIntEng;LOG008;Aucun engagement trouvé pour cette référence;Donnée inexistante dans le SIC;2605;Erreur;2605
refIntEng;LOG008;Aucun engagement trouvé pour cette référence;Donnée inexistante dans le SIC;2622;Erreur;2622
refIntEng;LOG008;Aucun engagement trouvé pour cette référence;Donnée inexistante dans le SIC;2608;Erreur;2608
refIntEng;LOG008;Aucun engagement trouvé pour cette référence;Donnée inexistante dans le SIC;2549;Erreur;2549
refIntEng;LOG008;Aucun engagement trouvé pour cette référence;Donnée inexistante dans le SIC;2641;Erreur;2641
refIntEng;LOG008;Aucun engagement trouvé pour cette référence;Donnée inexistante dans le SIC;2376;Erreur;2376
refIntEng;LOG008;Aucun engagement trouvé pour cette référence;Donnée inexistante dans le SIC;2607;Erreur;2607
refIntEng;LOG008;Aucun engagement trouvé pour cette référence;Donnée inexistante dans le SIC;2560;Erreur;2560
refIntEng;LOG008;Aucun engagement trouvé pour cette référence;Donnée inexistante dans le SIC;2550;Erreur;2550
refIntEng;LOG008;Aucun engagement trouvé pour cette référence;Donnée inexistante dans le SIC;2595;Erreur;2595
refIntEng;LOG008;Aucun engagement trouvé pour cette référence;Donnée inexistante dans le SIC;2508;Erreur;2508
refIntEng;LOG008;Aucun engagement trouvé pour cette référence;Donnée inexistante dans le SIC;2535;Erreur;2535
refIntEng;LOG008;Aucun engagement trouvé pour cette référence;Donnée inexistante dans le SIC;2754;Erreur;2754
refIntEng;LOG008;Aucun engagement trouvé pour cette référence;Donnée inexistante dans le SIC;2617;Erreur;2617
refIntEng;LOG008;Aucun engagement trouvé pour cette référence;Donnée inexistante dans le SIC;2660;Erreur;2660
refIntEng;LOG008;Aucun engagement trouvé pour cette référence;Donnée inexistante dans le SIC;2745;Erreur;2745
refIntEng;LOG008;Aucun engagement trouvé pour cette référence;Donnée inexistante dans le SIC;2685;Erreur;2685
refIntEng;LOG008;Aucun engagement trouvé pour cette référence;Donnée inexistante dans le SIC;2757;Erreur;2757
refIntEng;LOG008;Aucun engagement trouvé pour cette référence;Donnée inexistante dans le SIC;2601;Erreur;2601
refIntEng;LOG008;Aucun engagement trouvé pour cette référence;Donnée inexistante dans le SIC;2699;Erreur;2699
refIntEng;LOG008;Aucun engagement trouvé pour cette référence;Donnée inexistante dans le SIC;2557;Erreur;2557
refIntEng;LOG008;Aucun engagement trouvé pour cette référence;Donnée inexistante dans le SIC;2652;Erreur;2652
refIntEng;LOG008;Aucun engagement trouvé pour cette référence;Donnée inexistante dans le SIC;2746;Erreur;2746
refIntEng;LOG008;Aucun engagement trouvé pour cette référence;Donnée inexistante dans le SIC;2674;Erreur;2674
refIntEng;LOG008;Aucun engagement trouvé pour cette référence;Donnée inexistante dans le SIC;2673;Erreur;2673
refIntEng;LOG008;Aucun engagement trouvé pour cette référence;Donnée inexistante dans le SIC;2731;Erreur;2731
refIntEng;LOG008;Aucun engagement trouvé pour cette référence;Donnée inexistante dans le SIC;2714;Erreur;2714
refIntEng;LOG008;Aucun engagement trouvé pour cette référence;Donnée inexistante dans le SIC;2649;Erreur;2649
refIntEng;LOG008;Aucun engagement trouvé pour cette référence;Donnée inexistante dans le SIC;2647;Erreur;2647
refIntEng;LOG008;Aucun engagement trouvé pour cette référence;Donnée inexistante dans le SIC;2678;Erreur;2678
refIntEng;LOG008;Aucun engagement trouvé pour cette référence;Donnée inexistante dans le SIC;2729;Erreur;2729
refIntEng;LOG008;Aucun engagement trouvé pour cette référence;Donnée inexistante dans le SIC;2683;Erreur;2683
refIntEng;LOG008;Aucun engagement trouvé pour cette référence;Donnée inexistante dans le SIC;2646;Erreur;2646
refIntEng;LOG008;Aucun engagement trouvé pour cette référence;Donnée inexistante dans le SIC;2679;Erreur;2679
refIntEng;LOG008;Aucun engagement trouvé pour cette référence;Donnée inexistante dans le SIC;2657;Erreur;2657
refIntEng;LOG008;Aucun engagement trouvé pour cette référence;Donnée inexistante dans le SIC;2661;Erreur;2661
refIntEng;LOG008;Aucun engagement trouvé pour cette référence;Donnée inexistante dans le SIC;2642;Erreur;2642
refIntEng;LOG008;Aucun engagement trouvé pour cette référence;Donnée inexistante dans le SIC;2737;Erreur;2737
refIntEng;LOG008;Aucun engagement trouvé pour cette référence;Donnée inexistante dans le SIC;2717;Erreur;2717
refIntEng;LOG008;Aucun engagement trouvé pour cette référence;Donnée inexistante dans le SIC;2690;Erreur;2690
refIntEng;LOG008;Aucun engagement trouvé pour cette référence;Donnée inexistante dans le SIC;2708;Erreur;2708
refIntEng;LOG008;Aucun engagement trouvé pour cette référence;Donnée inexistante dans le SIC;2744;Erreur;2744
refIntEng;LOG008;Aucun engagement trouvé pour cette référence;Donnée inexistante dans le SIC;2651;Erreur;2651
refIntEng;LOG008;Aucun engagement trouvé pour cette référence;Donnée inexistante dans le SIC;2740;Erreur;2740
refIntEng;LOG008;Aucun engagement trouvé pour cette référence;Donnée inexistante dans le SIC;2693;Erreur;2693
refIntEng;LOG008;Aucun engagement trouvé pour cette référence;Donnée inexistante dans le SIC;2650;Erreur;2650
refIntEng;LOG008;Aucun engagement trouvé pour cette référence;Donnée inexistante dans le SIC;2741;Erreur;2741
refIntEng;LOG008;Aucun engagement trouvé pour cette référence;Donnée inexistante dans le SIC;2687;Erreur;2687
refIntEng;LOG008;Aucun engagement trouvé pour cette référence;Donnée inexistante dans le SIC;2686;Erreur;2686
refIntEng;LOG008;Aucun engagement trouvé pour cette référence;Donnée inexistante dans le SIC;2645;Erreur;2645
refIntEng;LOG008;Aucun engagement trouvé pour cette référence;Donnée inexistante dans le SIC;2732;Erreur;2732
refIntEng;LOG008;Aucun engagement trouvé pour cette référence;Donnée inexistante dans le SIC;2781;Erreur;2781
refIntEng;LOG008;Aucun engagement trouvé pour cette référence;Donnée inexistante dans le SIC;2784;Erreur;2784
refIntEng;LOG008;Aucun engagement trouvé pour cette référence;Donnée inexistante dans le SIC;2775;Erreur;2775
refIntEng;LOG008;Aucun engagement trouvé pour cette référence;Donnée inexistante dans le SIC;2782;Erreur;2782
refIntEng;LOG008;Aucun engagement trouvé pour cette référence;Donnée inexistante dans le SIC;2761;Erreur;2761
refIntEng;LOG008;Aucun engagement trouvé pour cette référence;Donnée inexistante dans le SIC;2760;Erreur;2760
refIntEng;LOG008;Aucun engagement trouvé pour cette référence;Donnée inexistante dans le SIC;2776;Erreur;2776
refIntEng;LOG008;Aucun engagement trouvé pour cette référence;Donnée inexistante dans le SIC;2766;Erreur;2766
refIntEng;LOG008;Aucun engagement trouvé pour cette référence;Donnée inexistante dans le SIC;2786;Erreur;2786
refIntEng;LOG008;Aucun engagement trouvé pour cette référence;Donnée inexistante dans le SIC;2753;Erreur;2753
refIntEng;LOG008;Aucun engagement trouvé pour cette référence;Donnée inexistante dans le SIC;2721;Erreur;2721
refIntEng;LOG008;Aucun engagement trouvé pour cette référence;Donnée inexistante dans le SIC;2710;Erreur;2710
refIntEng;LOG008;Aucun engagement trouvé pour cette référence;Donnée inexistante dans le SIC;2770;Erreur;2770
refIntEng;LOG008;Aucun engagement trouvé pour cette référence;Donnée inexistante dans le SIC;2765;Erreur;2765
refIntEng;LOG008;Aucun engagement trouvé pour cette référence;Donnée inexistante dans le SIC;2764;Erreur;2764
refIntEng;LOG008;Aucun engagement trouvé pour cette référence;Donnée inexistante dans le SIC;2716;Erreur;2716
refIntEng;LOG008;Aucun engagement trouvé pour cette référence;Donnée inexistante dans le SIC;2791;Erreur;2791
refIntEng;LOG008;Aucun engagement trouvé pour cette référence;Donnée inexistante dans le SIC;2789;Erreur;2789
refIntEng;LOG008;Aucun engagement trouvé pour cette référence;Donnée inexistante dans le SIC;2778;Erreur;2778
refIntEng;LOG008;Aucun engagement trouvé pour cette référence;Donnée inexistante dans le SIC;2772;Erreur;2772
refIntEng;LOG008;Aucun engagement trouvé pour cette référence;Donnée inexistante dans le SIC;2767;Erreur;2767
refIntEng;LOG008;Aucun engagement trouvé pour cette référence;Donnée inexistante dans le SIC;2763;Erreur;2763
refIntEng;LOG008;Aucun engagement trouvé pour cette référence;Donnée inexistante dans le SIC;2785;Erreur;2785
refIntEng;LOG008;Aucun engagement trouvé pour cette référence;Donnée inexistante dans le SIC;2762;Erreur;2762
refIntEng;LOG008;Aucun engagement trouvé pour cette référence;Donnée inexistante dans le SIC;2648;Erreur;2648
refIntEng;LOG008;Aucun engagement trouvé pour cette référence;Donnée inexistante dans le SIC;2618;Erreur;2618
refIntEng;LOG008;Aucun engagement trouvé pour cette référence;Donnée inexistante dans le SIC;1808;Erreur;1808
refIntEng;LOG008;Aucun engagement trouvé pour cette référence;Donnée inexistante dans le SIC;359;Erreur;359
refIntEng;LOG008;Aucun engagement trouvé pour cette référence;Donnée inexistante dans le SIC;2336;Erreur;2336
refIntEng;LOG008;Aucun engagement trouvé pour cette référence;Donnée inexistante dans le SIC;2644;Erreur;2644
refIntEng;LOG008;Aucun engagement trouvé pour cette référence;Donnée inexistante dans le SIC;2122;Erreur;2122
refIntEng;LOG008;Aucun engagement trouvé pour cette référence;Donnée inexistante dans le SIC;1059;Erreur;1059
refIntEng;LOG008;Aucun engagement trouvé pour cette référence;Donnée inexistante dans le SIC;2432;Erreur;2432
refIntEng;LOG008;Aucun engagement trouvé pour cette référence;Donnée inexistante dans le SIC;2202;Erreur;2202
refIntEng;LOG008;Aucun engagement trouvé pour cette référence;Donnée inexistante dans le SIC;2428;Erreur;2428
refIntEng;LOG008;Aucun engagement trouvé pour cette référence;Donnée inexistante dans le SIC;1629;Erreur;1629
refIntEng;LOG008;Aucun engagement trouvé pour cette référence;Donnée inexistante dans le SIC;2118;Erreur;2118
refIntEng;LOG008;Aucun engagement trouvé pour cette référence;Donnée inexistante dans le SIC;1431;Erreur;1431
refIntEng;LOG008;Aucun engagement trouvé pour cette référence;Donnée inexistante dans le SIC;2758;Erreur;2758
refIntEng;LOG008;Aucun engagement trouvé pour cette référence;Donnée inexistante dans le SIC;2564;Erreur;2564
refIntEng;LOG008;Aucun engagement trouvé pour cette référence;Donnée inexistante dans le SIC;2783;Erreur;2783
refIntEng;LOG008;Aucun engagement trouvé pour cette référence;Donnée inexistante dans le SIC;2790;Erreur;2790
refIntEng;LOG008;Aucun engagement trouvé pour cette référence;Donnée inexistante dans le SIC;2793;Erreur;2793
